delete from emp_position;
delete from emp_store;
delete from store_supplier_sales;
delete from customer_pur;
delete from customer;
delete from emp_skill;
delete from store_position_skill;
delete from skills;
delete from positions;
delete from employees;
delete from supplier;
delete from sales_store;
delete from store_inv;
delete from purchase_payment_record;
delete from account_payable;
delete from purchase;
delete from sales;
delete from inventory;
delete from store;

insert into store values('STORE001', '567 Dumaine St', '70119', '5045554567');
insert into store values('STORE002', '357 Chartres St', '70116', '5045559357');
insert into store values('STORE003', '327 Carondelet St', '70115', '5045554327');
insert into store values('STORE004', '753 Canal St', '70125', '5045555753');
insert into store values('STORE005', '647 Iberville St', '70122', '5045558647');

insert into inventory values('INV00001', 'Wipers', 'Bosch Envision 26in Beam Wiper Blade', 'Bosch Envision with Night Focus technology for sharpened night visibility', '30', 'SINVEN01', '29.99','15.00', '1/1/9999', '3', 'SHELF42A');
insert into inventory values('INV00002', 'Battery', 'Duralast Platinum Battery', 'Alternate Fit *** 850 Cold Cranking Amps (1000 Cranking Amps) ***. 140 Reserve minutes. ', '50', 'SINVEN02', '199.99','150.00', '01/01/2021', '5', 'SHELF35C');
insert into inventory values('INV00003', 'SparkPlg', 'Bosch Iridium Spark Plug', 'Double iridium Gap is pre-set. Do not gap. GTS model', '100', 'SINVEN03', '7.49','5.00', '01/01/9999', '10', 'SHELF78B');
insert into inventory values('INV00004', 'OilFiltr', 'STP Extended Lif Oil Filter', '22mm thread size. With 2.992" overall height.', '40', 'SINVEN04', '8.99','5.00', '01/01/9999', '4', 'SHELF01D');
insert into inventory values('INV00005', 'Altrnatr', 'Duralast Gold New Alternator', 'With 12:00 alternator Plug. Designed for maximum durability 100% new', '10', 'SINVEN05', '191.99','150.00', '01/01/9999', '1', 'SHELF02C');
insert into inventory values('INV00006', 'BrakePds', 'Duralast Ceramic Brake Pads', 'Ceramic *Includes noise-reducing shims', '25', 'SINVEN06', '31.99','25.00', '01/01/9999', '2', 'SHELF35A');
insert into inventory values('INV00007', 'BrakeRtr', 'Duralast Brake Rotor', 'Rotor only *Replace in pairs for best performanceght visibility', '25', 'SINVEN08', '49.99','30.00', '01/01/9999', '2', 'SHELF42A');
insert into inventory values('INV00008', 'ShckStrt', 'Duralast Loaded Strut Assembly', 'Strut assembly Passenger side. Shock/Strut should always be replaced in pairs.', '20', 'SINVEN09', '126.99','100.00', '01/01/9999', '2', 'SHELF63C');
insert into inventory values('INV00009', 'WhlBerng', 'Duralast Bearing Assembly', 'Bearing kit Mercedes-Benz 300SE, Mercedes-Benz 300SL Model. Outer. Contains', '50', 'SINVEN10', '5.99','5.00', '01/01/9999', '5', 'SHELF55D');
insert into inventory values('INV00010', 'StrWheel', 'STP Steering Wheel Assembly', 'Steering Assembly Only.  Drive Shaft Required and Sold Separately', '40', 'SINVEN07', '89.99','50.00', '01/01/9999', '4', 'SHELF55D');

insert into positions values('POS00001', 'Customer Service Associate');
insert into positions values('POS00002', 'Service Technician');
insert into positions values('POS00003', 'Auto Parts Delivery Driver');
insert into positions values('POS00004', 'Manager Trainee');
insert into positions values('POS00005', 'Senior Retail Sales Associate');
insert into positions values('POS00006', 'Commercial Sales Manager');
insert into positions values('POS00007', 'Shift Supervisor');
insert into positions values('POS00008', 'Store Manager');
insert into positions values('POS00009', 'Hub Driver');
insert into positions values('POS00010', 'Inventory Specialist');

insert into skills values('SKL00001', 'Basic Communications');
insert into skills values('SKL00002', 'Basic Customer Service');
insert into skills values('SKL00003', 'Basic Leadership');
insert into skills values('SKL00004', 'Basic Professional');
insert into skills values('SKL00005', 'Basic Knowledge Economy');
insert into skills values('SKL00006', 'Basic Diesel Engine');
insert into skills values('SKL00007', 'Basic Carburetor Repair');
insert into skills values('SKL00008', 'Basic Motorcycle Maintenance');
insert into skills values('SKL00009', 'Basic Auto Repair');
insert into skills values('SKL00010', 'Basic Auto Anatomy');
insert into skills values('SKL00011', 'Advanced Communications');
insert into skills values('SKL00012', 'Advanced Customer Service');
insert into skills values('SKL00013', 'Advanced Leadership');
insert into skills values('SKL00014', 'Advanced Professional');
insert into skills values('SKL00015', 'Advanced Knowledge Economy');
insert into skills values('SKL00016', 'Advanced Diesel Engine');
insert into skills values('SKL00017', 'Advanced Carburetor Repair');
insert into skills values('SKL00018', 'Advanced Motorcycle Maintenance');
insert into skills values('SKL00019', 'Advanced Auto Repair');
insert into skills values('SKL00020', 'Advanced Auto Anatomy');
insert into skills values('SKL00021', 'Expert Communications');
insert into skills values('SKL00022', 'Expert Customer Service');
insert into skills values('SKL00023', 'Expert Leadership');
insert into skills values('SKL00024', 'Expert Professional');
insert into skills values('SKL00025', 'Expert Knowledge Economy');
insert into skills values('SKL00026', 'Expert Diesel Engine');
insert into skills values('SKL00027', 'Expert Carburetor Repair');
insert into skills values('SKL00028', 'Expert Motorcycle Maintenance');
insert into skills values('SKL00029', 'Expert Auto Repair');
insert into skills values('SKL00030', 'Expert Auto Anatomy');

insert into customer values('CUS00001', 'Isis', 'Brinkley', '123 Almonaster Ave', 'New Orleans', 'LA', '70112');
insert into customer values('CUS00002', 'Nedra', 'Casperson', '234 Audubon Pl', 'New Orleans', 'LA', '70113');
insert into customer values('CUS00003', 'Jennifer', 'Genest', '345 Baronne St', 'New Orleans', 'LA', '70114');
insert into customer values('CUS00004', 'Alida', 'Barefield', '567 Basin St', 'New Orleans', 'LA', '70115');
insert into customer values('CUS00005', 'Gladis', 'Malecha', '456 Bayou Rd', 'New Orleans', 'LA', '70116');
insert into customer values('CUS00006', 'Warner', 'Henrikson', '678 Bienville St', 'New Orleans', 'LA', '70117');
insert into customer values('CUS00007', 'Gayle', 'Fekete', '789 Bourbon St', 'New Orleans', 'LA', '70118');
insert into customer values('CUS00008', 'Brandee', 'Michelle', '890 Broad St', 'New Orleans', 'LA', '70119');
insert into customer values('CUS00009', 'Lee', 'Labarre', '901 Burgundy St', 'New Orleans', 'LA', '70124');
insert into customer values('CUS00010', 'Lisette', 'Rundell', '245 Calliope St', 'New Orleans', 'LA', '70125');

insert into supplier values('SUP00001', 'Star Lighting', '253 Willow Lane Merrimack, NH 03054', '6318349680');
insert into supplier values('SUP00002', 'Jewel Industries', '7534 Williams Street Hazleton, PA 18201', '3082954938');
insert into supplier values('SUP00003', 'Blizzard Systems', '321 Bohemia Street Greenfield, IN 46140', '2416166031');
insert into supplier values('SUP00004', 'Jupitelligence', '218 Bear Hill St Port Saint Lucie, FL 34952', '6037780817');
insert into supplier values('SUP00005', 'Blizzart', '96 North Arrowhead Drive Garfield, NJ 07026', '4275232176');
insert into supplier values('SUP00006', 'White Wolfoods', '127 Bald Hill Drive Ponte Vedra Beach, FL 32082', '3213299742');
insert into supplier values('SUP00007', 'Moonlightings', '353 4th Dr Point Pleasant Beach, NJ 08742', '9196239637');
insert into supplier values('SUP00008', 'Vinebridge', '80 Henry Dr. Metairie, LA 70001', '5856154632');
insert into supplier values('SUP00009', 'Pinkpoint', '20 Briarwood Circle Trenton, NJ 08610', '0531413116');
insert into supplier values('SUP00010', 'Amazonman', '8419 W. Oak St Springboro, OH 45066', '3639455161');

insert into sales values('INVOIC01', '01/01/2014', 'INV00001', '1', '29.99', 'Random Note To Insert Here');
insert into sales values('INVOIC02', '02/02/2015', 'INV00002', '2', '399.98', 'Random Note To Insert Here');
insert into sales values('INVOIC03', '03/03/2016', 'INV00003', '3', '22.47', 'Random Note To Insert Here');
insert into sales values('INVOIC04', '04/04/2017', 'INV00004', '4', '35.96', 'Random Note To Insert Here');
insert into sales values('INVOIC05', '05/05/2018', 'INV00005', '5', '959.95', 'Random Note To Insert Here');
insert into sales values('INVOIC06', '06/06/2019', 'INV00006', '6', '191.94', 'Random Note To Insert Here');
insert into sales values('INVOIC07', '07/07/2020', 'INV00007', '7', '349.93', 'Random Note To Insert Here');
insert into sales values('INVOIC08', '08/08/2014', 'INV00008', '8', '1015.92', 'Random Note To Insert Here');
insert into sales values('INVOIC09', '09/09/2015', 'INV00009', '9', '53.91', 'Random Note To Insert Here');
insert into sales values('INVOIC10', '10/10/2016', 'INV00010', '10', '899.90', 'Random Note To Insert Here');
insert into sales values('INVOIC11', '11/11/2017', 'INV00001', '9', '269.91', 'Random Note To Insert Here');
insert into sales values('INVOIC12', '12/12/2018', 'INV00002', '8', '1599.92', 'Random Note To Insert Here');
insert into sales values('INVOIC13', '01/13/2019', 'INV00003', '7', '52.43', 'Random Note To Insert Here');
insert into sales values('INVOIC14', '02/14/2020', 'INV00004', '6', '50.94', 'Random Note To Insert Here');
insert into sales values('INVOIC15', '03/15/2014', 'INV00005', '5', '959.95', 'Random Note To Insert Here');
insert into sales values('INVOIC16', '04/16/2015', 'INV00006', '4', '127.96', 'Random Note To Insert Here');
insert into sales values('INVOIC17', '05/17/2016', 'INV00007', '3', '149.97', 'Random Note To Insert Here');
insert into sales values('INVOIC18', '06/18/2017', 'INV00008', '2', '253.98', 'Random Note To Insert Here');
insert into sales values('INVOIC19', '07/19/2018', 'INV00009', '1', '53.91', 'Random Note To Insert Here');
insert into sales values('INVOIC20', '08/20/2019', 'INV00010', '2', '179.98', 'Random Note To Insert Here');
insert into sales values('INVOIC21', '09/21/2020', 'INV00001', '3', '89.97', 'Random Note To Insert Here');
insert into sales values('INVOIC22', '10/22/2014', 'INV00002', '4', '799.96', 'Random Note To Insert Here');
insert into sales values('INVOIC23', '11/23/2015', 'INV00003', '5', '37.45', 'Random Note To Insert Here');
insert into sales values('INVOIC24', '12/24/2016', 'INV00004', '6', '50.94', 'Random Note To Insert Here');
insert into sales values('INVOIC25', '01/25/2017', 'INV00005', '7', '1343.93', 'Random Note To Insert Here');
insert into sales values('INVOIC26', '02/26/2018', 'INV00006', '8', '255.92', 'Random Note To Insert Here');
insert into sales values('INVOIC27', '03/27/2019', 'INV00007', '9', '449.91', 'Random Note To Insert Here');
insert into sales values('INVOIC28', '04/28/2020', 'INV00008', '10', '1269.90', 'Random Note To Insert Here');
insert into sales values('INVOIC29', '05/01/2014', 'INV00009', '9', '53.91', 'Random Note To Insert Here');
insert into sales values('INVOIC30', '06/02/2015', 'INV00010', '8', '719.92', 'Random Note To Insert Here');

insert into purchase values('PUR00001', '01/01/2020', 'INV00001', '10', '150.00','Random Note To Insert Here');
insert into purchase values('PUR00002', '02/02/2019', 'INV00002', '9', '1350.00', 'Random Note To Insert Here');
insert into purchase values('PUR00003', '03/03/2018', 'INV00003', '8', '40.00', 'Random Note To Insert Here');
insert into purchase values('PUR00004', '04/04/2017', 'INV00004', '7', '35.00', 'Random Note To Insert Here');
insert into purchase values('PUR00005', '05/05/2016', 'INV00005', '6', '900.00', 'Random Note To Insert Here');
insert into purchase values('PUR00006', '06/06/2015', 'INV00006', '5', '125.00', 'Random Note To Insert Here');
insert into purchase values('PUR00007', '07/07/2014', 'INV00007', '4', '120.00', 'Random Note To Insert Here');
insert into purchase values('PUR00008', '08/08/2020', 'INV00008', '3', '300.00', 'Random Note To Insert Here');
insert into purchase values('PUR00009', '09/09/2019', 'INV00009', '2', '10.00', 'Random Note To Insert Here');
insert into purchase values('PUR00010', '10/10/2018', 'INV00010', '1', '50.00', 'Random Note To Insert Here');
insert into purchase values('PUR00011', '11/11/2017', 'INV00001', '2', '30.00', 'Random Note To Insert Here');
insert into purchase values('PUR00012', '12/12/2016', 'INV00002', '3', '450.00', 'Random Note To Insert Here');
insert into purchase values('PUR00013', '01/13/2015', 'INV00003', '4', '20.00', 'Random Note To Insert Here');
insert into purchase values('PUR00014', '02/14/2014', 'INV00004', '5', '25.00', 'Random Note To Insert Here');
insert into purchase values('PUR00015', '03/15/2020', 'INV00005', '6', '900.00', 'Random Note To Insert Here');
insert into purchase values('PUR00016', '04/16/2019', 'INV00006', '7', '175.00', 'Random Note To Insert Here');
insert into purchase values('PUR00017', '05/17/2018', 'INV00007', '8', '240.00', 'Random Note To Insert Here');
insert into purchase values('PUR00018', '06/18/2017', 'INV00008', '9', '900.00', 'Random Note To Insert Here');
insert into purchase values('PUR00019', '07/19/2016', 'INV00009', '10', '50.00', 'Random Note To Insert Here');
insert into purchase values('PUR00020', '08/20/2015', 'INV00010', '9', '450.00', 'Random Note To Insert Here');
insert into purchase values('PUR00021', '09/21/2014', 'INV00001', '8', '120.00', 'Random Note To Insert Here');
insert into purchase values('PUR00022', '10/22/2020', 'INV00002', '7', '1050.00', 'Random Note To Insert Here');
insert into purchase values('PUR00023', '11/23/2019', 'INV00003', '6', '30.00', 'Random Note To Insert Here');
insert into purchase values('PUR00024', '12/24/2018', 'INV00004', '5', '25.00', 'Random Note To Insert Here');
insert into purchase values('PUR00025', '01/25/2017', 'INV00005', '4', '600.00', 'Random Note To Insert Here');
insert into purchase values('PUR00026', '02/26/2016', 'INV00006', '3', '75.00', 'Random Note To Insert Here');
insert into purchase values('PUR00027', '03/27/2015', 'INV00007', '2', '60.00', 'Random Note To Insert Here');
insert into purchase values('PUR00028', '04/28/2014', 'INV00008', '1', '100.00', 'Random Note To Insert Here');
insert into purchase values('PUR00029', '05/01/2020', 'INV00009', '2', '10.00', 'Random Note To Insert Here');
insert into purchase values('PUR00030', '06/02/2019', 'INV00010', '3', '150.00', 'Random Note To Insert Here');

insert into account_payable values('SUP00001', '5437.20');
insert into account_payable values('SUP00002', '4387.44');
insert into account_payable values('SUP00003', '200.00');
insert into account_payable values('SUP00004', '12223.75');
insert into account_payable values('SUP00005', '9873.14');
insert into account_payable values('SUP00006', '654.15');
insert into account_payable values('SUP00007', '123.45');
insert into account_payable values('SUP00008', '87633.41');
insert into account_payable values('SUP00009', '4652.22');
insert into account_payable values('SUP00010', '4567.44');

insert into purchase_payment_record values('SUP00001', 'PUR00030', '269.97', 'credit');
insert into purchase_payment_record values('SUP00002', 'PUR00029', '11.98', 'debit');
insert into purchase_payment_record values('SUP00003', 'PUR00028', '126.99', 'credit');
insert into purchase_payment_record values('SUP00004', 'PUR00027', '99.98', 'debit');
insert into purchase_payment_record values('SUP00005', 'PUR00026', '95.97', 'credit');
insert into purchase_payment_record values('SUP00006', 'PUR00025', '767.96', 'debit');
insert into purchase_payment_record values('SUP00007', 'PUR00024', '44.95', 'credit');
insert into purchase_payment_record values('SUP00008', 'PUR00023', '44.94', 'debit');
insert into purchase_payment_record values('SUP00009', 'PUR00022', '1399.93', 'debit');
insert into purchase_payment_record values('SUP00010', 'PUR00021', '239.92', 'credit');
insert into purchase_payment_record values('SUP00001', 'PUR00020', '809.91', 'credit');
insert into purchase_payment_record values('SUP00002', 'PUR00019', '59.90', 'debit');
insert into purchase_payment_record values('SUP00003', 'PUR00018', '1142.91', 'credit');
insert into purchase_payment_record values('SUP00004', 'PUR00017', '399.92', 'debit');
insert into purchase_payment_record values('SUP00005', 'PUR00016', '223.93', 'credit');
insert into purchase_payment_record values('SUP00006', 'PUR00015', '1151.94', 'debit');
insert into purchase_payment_record values('SUP00007', 'PUR00014', '44.95', 'credit');
insert into purchase_payment_record values('SUP00008', 'PUR00013', '29.96', 'debit');
insert into purchase_payment_record values('SUP00009', 'PUR00012', '599.97', 'debit');
insert into purchase_payment_record values('SUP00010', 'PUR00011', '59.98', 'credit');
insert into purchase_payment_record values('SUP00001', 'PUR00010', '89.99', 'credit');
insert into purchase_payment_record values('SUP00002', 'PUR00009', '11.98', 'debit');
insert into purchase_payment_record values('SUP00003', 'PUR00008', '380.97', 'credit');
insert into purchase_payment_record values('SUP00004', 'PUR00007', '199.96', 'debit');
insert into purchase_payment_record values('SUP00005', 'PUR00006', '159.95', 'credit');
insert into purchase_payment_record values('SUP00006', 'PUR00005', '1151.94', 'debit');
insert into purchase_payment_record values('SUP00007', 'PUR00004', '62.93', 'credit');
insert into purchase_payment_record values('SUP00008', 'PUR00003', '59.92', 'debit');
insert into purchase_payment_record values('SUP00009', 'PUR00002', '1799.91', 'debit');
insert into purchase_payment_record values('SUP00010', 'PUR00001', '299.99', 'credit');

insert into employees values('EMP00001', 'Jordon', 'Hughes', '90000.00', 'STORE005', 'POS00005');
insert into employees values('EMP00002', 'Jade', 'Cassidy', '91900.00', 'STORE004', 'POS00004');
insert into employees values('EMP00003', 'Maggie', 'Farmer', '92800.00', 'STORE003', 'POS00003');
insert into employees values('EMP00004', 'Sara', 'Santiago', '93700.00', 'STORE002', 'POS00002');
insert into employees values('EMP00005', 'Aaron', 'Rice', '94600.00', 'STORE001', 'POS00001');
insert into employees values('EMP00006', 'Aidan', 'Li', '85500.00', 'STORE005', 'POS00010');
insert into employees values('EMP00007', 'Arianna', 'Hamilton', '86400.00', 'STORE004', 'POS00009');
insert into employees values('EMP00008', 'Prince', 'Singh', '87300.00', 'STORE003', 'POS00008');
insert into employees values('EMP00009', 'Zavier', 'Simmons', '88200.00', 'STORE002', 'POS00007');
insert into employees values('EMP00010', 'Javier', 'Little', '89100.00', 'STORE001', 'POS00006');
insert into employees values('EMP00011', 'Tony', 'Harrison', '70000.00', 'STORE005', 'POS00005');
insert into employees values('EMP00012', 'Dakota', 'Gilbert', '71100.00', 'STORE004', 'POS00004');
insert into employees values('EMP00013', 'Zander', 'Owen', '72200.00', 'STORE003', 'POS00003');
insert into employees values('EMP00014', 'Gilberto', 'Schwartz', '73300.00', 'STORE002', 'POS00002');
insert into employees values('EMP00015', 'Darryl', 'Crawford', '74400.00', 'STORE001', 'POS00001');
insert into employees values('EMP00016', 'Kamila', 'Wilkes', '65500.00', 'STORE005', 'POS00010');
insert into employees values('EMP00017', 'Zoey', 'Greene', '66600.00', 'STORE004', 'POS00009');
insert into employees values('EMP00018', 'Azaria', 'Ortega', '67700.00', 'STORE003', 'POS00008');
insert into employees values('EMP00019', 'Mckenna', 'Manning', '68800.00', 'STORE002', 'POS00007');
insert into employees values('EMP00020', 'Aria', 'Woodward', '69900.00', 'STORE001', 'POS00006');
insert into employees values('EMP00021', 'Jaron', 'Lewis', '50000.00', 'STORE005', 'POS00005');
insert into employees values('EMP00022', 'Heather', 'Gill', '51900.00', 'STORE004', 'POS00004');
insert into employees values('EMP00023', 'Nikolas', 'Terry', '52800.00', 'STORE003', 'POS00003');
insert into employees values('EMP00024', 'Lorena', 'Riley', '53700.00', 'STORE002', 'POS00002');
insert into employees values('EMP00025', 'Christina', 'Cole', '54600.00', 'STORE001', 'POS00001');
insert into employees values('EMP00026', 'Esmeralda', 'Flores', '45500.00', 'STORE005', 'POS00010');
insert into employees values('EMP00027', 'Rolando', 'Huang', '46400.00', 'STORE004', 'POS00009');
insert into employees values('EMP00028', 'Jairo', 'Barrett', '47300.00', 'STORE003', 'POS00008');
insert into employees values('EMP00029', 'Sidney', 'Cannon', '48200.00', 'STORE002', 'POS00007');
insert into employees values('EMP00030', 'Corey', 'Carr', '49100.00', 'STORE001', 'POS00006');

insert into store_inv values('STORE001', 'INV00010');
insert into store_inv values('STORE001', 'INV00008');
insert into store_inv values('STORE001', 'INV00006');
insert into store_inv values('STORE001', 'INV00004');
insert into store_inv values('STORE001', 'INV00003');
insert into store_inv values('STORE002', 'INV00009');
insert into store_inv values('STORE002', 'INV00007');
insert into store_inv values('STORE002', 'INV00005');
insert into store_inv values('STORE002', 'INV00003');
insert into store_inv values('STORE002', 'INV00001');
insert into store_inv values('STORE003', 'INV00001');
insert into store_inv values('STORE003', 'INV00002');
insert into store_inv values('STORE003', 'INV00003');
insert into store_inv values('STORE003', 'INV00004');
insert into store_inv values('STORE003', 'INV00005');
insert into store_inv values('STORE004', 'INV00006');
insert into store_inv values('STORE004', 'INV00007');
insert into store_inv values('STORE004', 'INV00008');
insert into store_inv values('STORE004', 'INV00009');
insert into store_inv values('STORE004', 'INV00010');
insert into store_inv values('STORE005', 'INV00001');
insert into store_inv values('STORE005', 'INV00002');
insert into store_inv values('STORE005', 'INV00003');
insert into store_inv values('STORE005', 'INV00004');
insert into store_inv values('STORE005', 'INV00005');
insert into store_inv values('STORE005', 'INV00006');
insert into store_inv values('STORE005', 'INV00007');
insert into store_inv values('STORE005', 'INV00008');
insert into store_inv values('STORE005', 'INV00009');
insert into store_inv values('STORE005', 'INV00010');

insert into store_position_skill values('POS00001', 'STORE001', 'SKL00001');
insert into store_position_skill values('POS00001', 'STORE001', 'SKL00002');
insert into store_position_skill values('POS00001', 'STORE001', 'SKL00003');
insert into store_position_skill values('POS00002', 'STORE001', 'SKL00004');
insert into store_position_skill values('POS00002', 'STORE001', 'SKL00005');
insert into store_position_skill values('POS00002', 'STORE001', 'SKL00006');
insert into store_position_skill values('POS00003', 'STORE001', 'SKL00007');
insert into store_position_skill values('POS00003', 'STORE001', 'SKL00008');
insert into store_position_skill values('POS00003', 'STORE001', 'SKL00009');
insert into store_position_skill values('POS00004', 'STORE001', 'SKL00010');
insert into store_position_skill values('POS00004', 'STORE001', 'SKL00011');
insert into store_position_skill values('POS00004', 'STORE001', 'SKL00012');
insert into store_position_skill values('POS00005', 'STORE001', 'SKL00013');
insert into store_position_skill values('POS00005', 'STORE001', 'SKL00014');
insert into store_position_skill values('POS00005', 'STORE001', 'SKL00015');
insert into store_position_skill values('POS00006', 'STORE001', 'SKL00016');
insert into store_position_skill values('POS00006', 'STORE001', 'SKL00017');
insert into store_position_skill values('POS00006', 'STORE001', 'SKL00018');
insert into store_position_skill values('POS00007', 'STORE001', 'SKL00019');
insert into store_position_skill values('POS00007', 'STORE001', 'SKL00020');
insert into store_position_skill values('POS00007', 'STORE001', 'SKL00021');
insert into store_position_skill values('POS00008', 'STORE001', 'SKL00022');
insert into store_position_skill values('POS00008', 'STORE001', 'SKL00023');
insert into store_position_skill values('POS00008', 'STORE001', 'SKL00024');
insert into store_position_skill values('POS00009', 'STORE001', 'SKL00025');
insert into store_position_skill values('POS00009', 'STORE001', 'SKL00026');
insert into store_position_skill values('POS00009', 'STORE001', 'SKL00027');
insert into store_position_skill values('POS00010', 'STORE001', 'SKL00028');
insert into store_position_skill values('POS00010', 'STORE001', 'SKL00029');
insert into store_position_skill values('POS00010', 'STORE001', 'SKL00030');
insert into store_position_skill values('POS00001', 'STORE002', 'SKL00001');
insert into store_position_skill values('POS00001', 'STORE002', 'SKL00002');
insert into store_position_skill values('POS00001', 'STORE002', 'SKL00003');
insert into store_position_skill values('POS00002', 'STORE002', 'SKL00004');
insert into store_position_skill values('POS00002', 'STORE002', 'SKL00005');
insert into store_position_skill values('POS00002', 'STORE002', 'SKL00006');
insert into store_position_skill values('POS00003', 'STORE002', 'SKL00007');
insert into store_position_skill values('POS00003', 'STORE002', 'SKL00008');
insert into store_position_skill values('POS00003', 'STORE002', 'SKL00009');
insert into store_position_skill values('POS00004', 'STORE002', 'SKL00010');
insert into store_position_skill values('POS00004', 'STORE002', 'SKL00011');
insert into store_position_skill values('POS00004', 'STORE002', 'SKL00012');
insert into store_position_skill values('POS00005', 'STORE002', 'SKL00013');
insert into store_position_skill values('POS00005', 'STORE002', 'SKL00014');
insert into store_position_skill values('POS00005', 'STORE002', 'SKL00015');
insert into store_position_skill values('POS00006', 'STORE002', 'SKL00016');
insert into store_position_skill values('POS00006', 'STORE002', 'SKL00017');
insert into store_position_skill values('POS00006', 'STORE002', 'SKL00018');
insert into store_position_skill values('POS00007', 'STORE002', 'SKL00019');
insert into store_position_skill values('POS00007', 'STORE002', 'SKL00020');
insert into store_position_skill values('POS00007', 'STORE002', 'SKL00021');
insert into store_position_skill values('POS00008', 'STORE002', 'SKL00022');
insert into store_position_skill values('POS00008', 'STORE002', 'SKL00023');
insert into store_position_skill values('POS00008', 'STORE002', 'SKL00024');
insert into store_position_skill values('POS00009', 'STORE002', 'SKL00025');
insert into store_position_skill values('POS00009', 'STORE002', 'SKL00026');
insert into store_position_skill values('POS00009', 'STORE002', 'SKL00027');
insert into store_position_skill values('POS00010', 'STORE002', 'SKL00028');
insert into store_position_skill values('POS00010', 'STORE002', 'SKL00029');
insert into store_position_skill values('POS00010', 'STORE002', 'SKL00030');
insert into store_position_skill values('POS00001', 'STORE003', 'SKL00001');
insert into store_position_skill values('POS00001', 'STORE003', 'SKL00002');
insert into store_position_skill values('POS00001', 'STORE003', 'SKL00003');
insert into store_position_skill values('POS00002', 'STORE003', 'SKL00004');
insert into store_position_skill values('POS00002', 'STORE003', 'SKL00005');
insert into store_position_skill values('POS00002', 'STORE003', 'SKL00006');
insert into store_position_skill values('POS00003', 'STORE003', 'SKL00007');
insert into store_position_skill values('POS00003', 'STORE003', 'SKL00008');
insert into store_position_skill values('POS00003', 'STORE003', 'SKL00009');
insert into store_position_skill values('POS00004', 'STORE003', 'SKL00010');
insert into store_position_skill values('POS00004', 'STORE003', 'SKL00011');
insert into store_position_skill values('POS00004', 'STORE003', 'SKL00012');
insert into store_position_skill values('POS00005', 'STORE003', 'SKL00013');
insert into store_position_skill values('POS00005', 'STORE003', 'SKL00014');
insert into store_position_skill values('POS00005', 'STORE003', 'SKL00015');
insert into store_position_skill values('POS00006', 'STORE003', 'SKL00016');
insert into store_position_skill values('POS00006', 'STORE003', 'SKL00017');
insert into store_position_skill values('POS00006', 'STORE003', 'SKL00018');
insert into store_position_skill values('POS00007', 'STORE003', 'SKL00019');
insert into store_position_skill values('POS00007', 'STORE003', 'SKL00020');
insert into store_position_skill values('POS00007', 'STORE003', 'SKL00021');
insert into store_position_skill values('POS00008', 'STORE003', 'SKL00022');
insert into store_position_skill values('POS00008', 'STORE003', 'SKL00023');
insert into store_position_skill values('POS00008', 'STORE003', 'SKL00024');
insert into store_position_skill values('POS00009', 'STORE003', 'SKL00025');
insert into store_position_skill values('POS00009', 'STORE003', 'SKL00026');
insert into store_position_skill values('POS00009', 'STORE003', 'SKL00027');
insert into store_position_skill values('POS00010', 'STORE003', 'SKL00028');
insert into store_position_skill values('POS00010', 'STORE003', 'SKL00029');
insert into store_position_skill values('POS00010', 'STORE003', 'SKL00030');
insert into store_position_skill values('POS00001', 'STORE004', 'SKL00001');
insert into store_position_skill values('POS00001', 'STORE004', 'SKL00002');
insert into store_position_skill values('POS00001', 'STORE004', 'SKL00003');
insert into store_position_skill values('POS00002', 'STORE004', 'SKL00004');
insert into store_position_skill values('POS00002', 'STORE004', 'SKL00005');
insert into store_position_skill values('POS00002', 'STORE004', 'SKL00006');
insert into store_position_skill values('POS00003', 'STORE004', 'SKL00007');
insert into store_position_skill values('POS00003', 'STORE004', 'SKL00008');
insert into store_position_skill values('POS00003', 'STORE004', 'SKL00009');
insert into store_position_skill values('POS00004', 'STORE004', 'SKL00010');
insert into store_position_skill values('POS00004', 'STORE004', 'SKL00011');
insert into store_position_skill values('POS00004', 'STORE004', 'SKL00012');
insert into store_position_skill values('POS00005', 'STORE004', 'SKL00013');
insert into store_position_skill values('POS00005', 'STORE004', 'SKL00014');
insert into store_position_skill values('POS00005', 'STORE004', 'SKL00015');
insert into store_position_skill values('POS00006', 'STORE004', 'SKL00016');
insert into store_position_skill values('POS00006', 'STORE004', 'SKL00017');
insert into store_position_skill values('POS00006', 'STORE004', 'SKL00018');
insert into store_position_skill values('POS00007', 'STORE004', 'SKL00019');
insert into store_position_skill values('POS00007', 'STORE004', 'SKL00020');
insert into store_position_skill values('POS00007', 'STORE004', 'SKL00021');
insert into store_position_skill values('POS00008', 'STORE004', 'SKL00022');
insert into store_position_skill values('POS00008', 'STORE004', 'SKL00023');
insert into store_position_skill values('POS00008', 'STORE004', 'SKL00024');
insert into store_position_skill values('POS00009', 'STORE004', 'SKL00025');
insert into store_position_skill values('POS00009', 'STORE004', 'SKL00026');
insert into store_position_skill values('POS00009', 'STORE004', 'SKL00027');
insert into store_position_skill values('POS00010', 'STORE004', 'SKL00028');
insert into store_position_skill values('POS00010', 'STORE004', 'SKL00029');
insert into store_position_skill values('POS00010', 'STORE004', 'SKL00030');
insert into store_position_skill values('POS00001', 'STORE005', 'SKL00001');
insert into store_position_skill values('POS00001', 'STORE005', 'SKL00002');
insert into store_position_skill values('POS00001', 'STORE005', 'SKL00003');
insert into store_position_skill values('POS00002', 'STORE005', 'SKL00004');
insert into store_position_skill values('POS00002', 'STORE005', 'SKL00005');
insert into store_position_skill values('POS00002', 'STORE005', 'SKL00006');
insert into store_position_skill values('POS00003', 'STORE005', 'SKL00007');
insert into store_position_skill values('POS00003', 'STORE005', 'SKL00008');
insert into store_position_skill values('POS00003', 'STORE005', 'SKL00009');
insert into store_position_skill values('POS00004', 'STORE005', 'SKL00010');
insert into store_position_skill values('POS00004', 'STORE005', 'SKL00011');
insert into store_position_skill values('POS00004', 'STORE005', 'SKL00012');
insert into store_position_skill values('POS00005', 'STORE005', 'SKL00013');
insert into store_position_skill values('POS00005', 'STORE005', 'SKL00014');
insert into store_position_skill values('POS00005', 'STORE005', 'SKL00015');
insert into store_position_skill values('POS00006', 'STORE005', 'SKL00016');
insert into store_position_skill values('POS00006', 'STORE005', 'SKL00017');
insert into store_position_skill values('POS00006', 'STORE005', 'SKL00018');
insert into store_position_skill values('POS00007', 'STORE005', 'SKL00019');
insert into store_position_skill values('POS00007', 'STORE005', 'SKL00020');
insert into store_position_skill values('POS00007', 'STORE005', 'SKL00021');
insert into store_position_skill values('POS00008', 'STORE005', 'SKL00022');
insert into store_position_skill values('POS00008', 'STORE005', 'SKL00023');
insert into store_position_skill values('POS00008', 'STORE005', 'SKL00024');
insert into store_position_skill values('POS00009', 'STORE005', 'SKL00025');
insert into store_position_skill values('POS00009', 'STORE005', 'SKL00026');
insert into store_position_skill values('POS00009', 'STORE005', 'SKL00027');
insert into store_position_skill values('POS00010', 'STORE005', 'SKL00028');
insert into store_position_skill values('POS00010', 'STORE005', 'SKL00029');
insert into store_position_skill values('POS00010', 'STORE005', 'SKL00030');

insert into emp_skill values('EMP00001', 'SKL00013');
insert into emp_skill values('EMP00001', 'SKL00014');
insert into emp_skill values('EMP00001', 'SKL00015');
insert into emp_skill values('EMP00002', 'SKL00010');
insert into emp_skill values('EMP00002', 'SKL00011');
insert into emp_skill values('EMP00002', 'SKL00012');
insert into emp_skill values('EMP00003', 'SKL00007');
insert into emp_skill values('EMP00003', 'SKL00008');
insert into emp_skill values('EMP00003', 'SKL00009');
insert into emp_skill values('EMP00004', 'SKL00004');
insert into emp_skill values('EMP00004', 'SKL00005');
insert into emp_skill values('EMP00004', 'SKL00006');
insert into emp_skill values('EMP00005', 'SKL00001');
insert into emp_skill values('EMP00005', 'SKL00002');
insert into emp_skill values('EMP00005', 'SKL00003');
insert into emp_skill values('EMP00006', 'SKL00028');
insert into emp_skill values('EMP00006', 'SKL00029');
insert into emp_skill values('EMP00006', 'SKL00030');
insert into emp_skill values('EMP00007', 'SKL00025');
insert into emp_skill values('EMP00007', 'SKL00026');
insert into emp_skill values('EMP00007', 'SKL00027');
insert into emp_skill values('EMP00008', 'SKL00022');
insert into emp_skill values('EMP00008', 'SKL00023');
insert into emp_skill values('EMP00008', 'SKL00024');
insert into emp_skill values('EMP00009', 'SKL00019');
insert into emp_skill values('EMP00009', 'SKL00020');
insert into emp_skill values('EMP00009', 'SKL00021');
insert into emp_skill values('EMP00010', 'SKL00016');
insert into emp_skill values('EMP00010', 'SKL00017');
insert into emp_skill values('EMP00010', 'SKL00018');
insert into emp_skill values('EMP00011', 'SKL00013');
insert into emp_skill values('EMP00011', 'SKL00014');
insert into emp_skill values('EMP00011', 'SKL00015');
insert into emp_skill values('EMP00012', 'SKL00010');
insert into emp_skill values('EMP00012', 'SKL00011');
insert into emp_skill values('EMP00012', 'SKL00012');
insert into emp_skill values('EMP00013', 'SKL00007');
insert into emp_skill values('EMP00013', 'SKL00008');
insert into emp_skill values('EMP00013', 'SKL00009');
insert into emp_skill values('EMP00014', 'SKL00004');
insert into emp_skill values('EMP00014', 'SKL00005');
insert into emp_skill values('EMP00014', 'SKL00006');
insert into emp_skill values('EMP00015', 'SKL00001');
insert into emp_skill values('EMP00015', 'SKL00002');
insert into emp_skill values('EMP00015', 'SKL00003');
insert into emp_skill values('EMP00016', 'SKL00028');
insert into emp_skill values('EMP00016', 'SKL00029');
insert into emp_skill values('EMP00016', 'SKL00030');
insert into emp_skill values('EMP00017', 'SKL00025');
insert into emp_skill values('EMP00017', 'SKL00026');
insert into emp_skill values('EMP00017', 'SKL00027');
insert into emp_skill values('EMP00018', 'SKL00022');
insert into emp_skill values('EMP00018', 'SKL00023');
insert into emp_skill values('EMP00018', 'SKL00024');
insert into emp_skill values('EMP00019', 'SKL00019');
insert into emp_skill values('EMP00019', 'SKL00020');
insert into emp_skill values('EMP00019', 'SKL00021');
insert into emp_skill values('EMP00020', 'SKL00016');
insert into emp_skill values('EMP00020', 'SKL00017');
insert into emp_skill values('EMP00020', 'SKL00018');
insert into emp_skill values('EMP00021', 'SKL00013');
insert into emp_skill values('EMP00021', 'SKL00014');
insert into emp_skill values('EMP00021', 'SKL00015');
insert into emp_skill values('EMP00022', 'SKL00010');
insert into emp_skill values('EMP00022', 'SKL00011');
insert into emp_skill values('EMP00022', 'SKL00012');
insert into emp_skill values('EMP00023', 'SKL00007');
insert into emp_skill values('EMP00023', 'SKL00008');
insert into emp_skill values('EMP00023', 'SKL00009');
insert into emp_skill values('EMP00024', 'SKL00004');
insert into emp_skill values('EMP00024', 'SKL00005');
insert into emp_skill values('EMP00024', 'SKL00006');
insert into emp_skill values('EMP00025', 'SKL00001');
insert into emp_skill values('EMP00025', 'SKL00002');
insert into emp_skill values('EMP00025', 'SKL00003');
insert into emp_skill values('EMP00026', 'SKL00028');
insert into emp_skill values('EMP00026', 'SKL00029');
insert into emp_skill values('EMP00026', 'SKL00030');
insert into emp_skill values('EMP00027', 'SKL00025');
insert into emp_skill values('EMP00027', 'SKL00026');
insert into emp_skill values('EMP00027', 'SKL00027');
insert into emp_skill values('EMP00028', 'SKL00022');
insert into emp_skill values('EMP00028', 'SKL00023');
insert into emp_skill values('EMP00028', 'SKL00024');
insert into emp_skill values('EMP00029', 'SKL00019');
insert into emp_skill values('EMP00029', 'SKL00020');
insert into emp_skill values('EMP00029', 'SKL00021');
insert into emp_skill values('EMP00030', 'SKL00016');
insert into emp_skill values('EMP00030', 'SKL00017');
insert into emp_skill values('EMP00030', 'SKL00018');

insert into customer_pur values('CUS00001', 'PUR00015');
insert into customer_pur values('CUS00002', 'PUR00010');
insert into customer_pur values('CUS00003', 'PUR00005');
insert into customer_pur values('CUS00004', 'PUR00030');
insert into customer_pur values('CUS00005', 'PUR00025');
insert into customer_pur values('CUS00006', 'PUR00020');
insert into customer_pur values('CUS00007', 'PUR00014');
insert into customer_pur values('CUS00008', 'PUR00009');
insert into customer_pur values('CUS00009', 'PUR00004');
insert into customer_pur values('CUS00010', 'PUR00029');
insert into customer_pur values('CUS00001', 'PUR00024');
insert into customer_pur values('CUS00002', 'PUR00019');
insert into customer_pur values('CUS00003', 'PUR00013');
insert into customer_pur values('CUS00004', 'PUR00008');
insert into customer_pur values('CUS00005', 'PUR00003');
insert into customer_pur values('CUS00006', 'PUR00028');
insert into customer_pur values('CUS00007', 'PUR00023');
insert into customer_pur values('CUS00008', 'PUR00018');
insert into customer_pur values('CUS00009', 'PUR00012');
insert into customer_pur values('CUS00010', 'PUR00007');
insert into customer_pur values('CUS00001', 'PUR00002');
insert into customer_pur values('CUS00002', 'PUR00027');
insert into customer_pur values('CUS00003', 'PUR00022');
insert into customer_pur values('CUS00004', 'PUR00017');
insert into customer_pur values('CUS00005', 'PUR00011');
insert into customer_pur values('CUS00006', 'PUR00006');
insert into customer_pur values('CUS00007', 'PUR00001');
insert into customer_pur values('CUS00008', 'PUR00026');
insert into customer_pur values('CUS00009', 'PUR00021');
insert into customer_pur values('CUS00010', 'PUR00016');

insert into store_supplier_sales values('STORE003', 'SUP00007', 'INVOIC01');
insert into store_supplier_sales values('STORE004', 'SUP00008', 'INVOIC02');
insert into store_supplier_sales values('STORE005', 'SUP00009', 'INVOIC03');
insert into store_supplier_sales values('STORE001', 'SUP00010', 'INVOIC04');
insert into store_supplier_sales values('STORE002', 'SUP00001', 'INVOIC05');
insert into store_supplier_sales values('STORE003', 'SUP00002', 'INVOIC06');
insert into store_supplier_sales values('STORE004', 'SUP00003', 'INVOIC07');
insert into store_supplier_sales values('STORE005', 'SUP00004', 'INVOIC08');
insert into store_supplier_sales values('STORE001', 'SUP00005', 'INVOIC09');
insert into store_supplier_sales values('STORE002', 'SUP00006', 'INVOIC10');
insert into store_supplier_sales values('STORE003', 'SUP00007', 'INVOIC11');
insert into store_supplier_sales values('STORE004', 'SUP00008', 'INVOIC12');
insert into store_supplier_sales values('STORE005', 'SUP00009', 'INVOIC13');
insert into store_supplier_sales values('STORE001', 'SUP00010', 'INVOIC14');
insert into store_supplier_sales values('STORE002', 'SUP00001', 'INVOIC15');
insert into store_supplier_sales values('STORE003', 'SUP00002', 'INVOIC16');
insert into store_supplier_sales values('STORE004', 'SUP00003', 'INVOIC17');
insert into store_supplier_sales values('STORE005', 'SUP00004', 'INVOIC18');
insert into store_supplier_sales values('STORE001', 'SUP00005', 'INVOIC19');
insert into store_supplier_sales values('STORE002', 'SUP00006', 'INVOIC20');
insert into store_supplier_sales values('STORE003', 'SUP00007', 'INVOIC21');
insert into store_supplier_sales values('STORE004', 'SUP00008', 'INVOIC22');
insert into store_supplier_sales values('STORE005', 'SUP00009', 'INVOIC23');
insert into store_supplier_sales values('STORE001', 'SUP00010', 'INVOIC24');
insert into store_supplier_sales values('STORE002', 'SUP00001', 'INVOIC25');
insert into store_supplier_sales values('STORE003', 'SUP00002', 'INVOIC26');
insert into store_supplier_sales values('STORE004', 'SUP00003', 'INVOIC27');
insert into store_supplier_sales values('STORE005', 'SUP00004', 'INVOIC28');
insert into store_supplier_sales values('STORE001', 'SUP00005', 'INVOIC29');
insert into store_supplier_sales values('STORE002', 'SUP00006', 'INVOIC30');

insert into emp_store values('EMP00001', 'STORE005');
insert into emp_store values('EMP00002', 'STORE004');
insert into emp_store values('EMP00003', 'STORE003');
insert into emp_store values('EMP00004', 'STORE002');
insert into emp_store values('EMP00005', 'STORE001');
insert into emp_store values('EMP00006', 'STORE001');
insert into emp_store values('EMP00007', 'STORE002');
insert into emp_store values('EMP00008', 'STORE003');
insert into emp_store values('EMP00009', 'STORE004');
insert into emp_store values('EMP00010', 'STORE005');
insert into emp_store values('EMP00011', 'STORE005');
insert into emp_store values('EMP00012', 'STORE004');
insert into emp_store values('EMP00013', 'STORE003');
insert into emp_store values('EMP00014', 'STORE002');
insert into emp_store values('EMP00015', 'STORE001');
insert into emp_store values('EMP00016', 'STORE001');
insert into emp_store values('EMP00017', 'STORE002');
insert into emp_store values('EMP00018', 'STORE003');
insert into emp_store values('EMP00019', 'STORE004');
insert into emp_store values('EMP00020', 'STORE005');
insert into emp_store values('EMP00021', 'STORE005');
insert into emp_store values('EMP00022', 'STORE004');
insert into emp_store values('EMP00023', 'STORE003');
insert into emp_store values('EMP00024', 'STORE002');
insert into emp_store values('EMP00025', 'STORE001');
insert into emp_store values('EMP00026', 'STORE001');
insert into emp_store values('EMP00027', 'STORE002');
insert into emp_store values('EMP00028', 'STORE003');
insert into emp_store values('EMP00029', 'STORE004');
insert into emp_store values('EMP00030', 'STORE005');

insert into emp_position values('EMP00001', 'POS00005');
insert into emp_position values('EMP00002', 'POS00004');
insert into emp_position values('EMP00003', 'POS00003');
insert into emp_position values('EMP00004', 'POS00002');
insert into emp_position values('EMP00005', 'POS00001');
insert into emp_position values('EMP00006', 'POS00010');
insert into emp_position values('EMP00007', 'POS00009');
insert into emp_position values('EMP00008', 'POS00008');
insert into emp_position values('EMP00009', 'POS00007');
insert into emp_position values('EMP00010', 'POS00006');
insert into emp_position values('EMP00011', 'POS00005');
insert into emp_position values('EMP00012', 'POS00004');
insert into emp_position values('EMP00013', 'POS00003');
insert into emp_position values('EMP00014', 'POS00002');
insert into emp_position values('EMP00015', 'POS00001');
insert into emp_position values('EMP00016', 'POS00010');
insert into emp_position values('EMP00017', 'POS00009');
insert into emp_position values('EMP00018', 'POS00008');
insert into emp_position values('EMP00019', 'POS00007');
insert into emp_position values('EMP00020', 'POS00006');
insert into emp_position values('EMP00021', 'POS00005');
insert into emp_position values('EMP00022', 'POS00004');
insert into emp_position values('EMP00023', 'POS00003');
insert into emp_position values('EMP00024', 'POS00002');
insert into emp_position values('EMP00025', 'POS00001');
insert into emp_position values('EMP00026', 'POS00010');
insert into emp_position values('EMP00027', 'POS00009');
insert into emp_position values('EMP00028', 'POS00008');
insert into emp_position values('EMP00029', 'POS00007');
insert into emp_position values('EMP00030', 'POS00006');
