delete from prerequisite; 
delete from takes;
delete from works;
delete from has_skill;
delete from teaches; 
delete from requires_by_job;
delete from hiring;
delete from section;
delete from course;
delete from person;
delete from skill;
delete from job;
delete from position;
delete from company;
delete from subIndustry;
delete from Industry;
delete from IndustryGroup;
delete from gics;
Insert into gics values(10,'Energy');
Insert into gics values(15,'Materials');
Insert into gics values(20,'Industrials');
Insert into gics values(25,'Consumer Discretionary');
Insert into gics values(30,'Consumer Staples');
Insert into gics values(35,'Health Care');
Insert into gics values(40,'Financials');
Insert into gics values(45,'Information Technology');
Insert into gics values(50,'Communication Services');
Insert into gics values(55,'Utilities');
Insert into gics values(60,'Real Estate');
Insert into IndustryGroup values(1010,'Energy',10);
Insert into IndustryGroup values(1510,'Materials',15);
Insert into IndustryGroup values(2010,'Capital Goods',20);
Insert into IndustryGroup values(2020,'Commercial and Professional Services',20);
Insert into IndustryGroup values(2030,'Transportation',20);
Insert into IndustryGroup values(2510,'Automobiles and Components',25);
Insert into IndustryGroup values(2520,'Consumer Durables and Apparel',25);
Insert into IndustryGroup values(2530,'Consumer Services',25);
Insert into IndustryGroup values(2550,'Retailing',25);
Insert into IndustryGroup values(3010,'Food and Staples Retailing',30);
Insert into IndustryGroup values(3020,'Food, Beverage and Tobacco',30);
Insert into IndustryGroup values(3030,'Household and Personal Products',30);
Insert into IndustryGroup values(3510,'Health Care Equipment and Services',35);
Insert into IndustryGroup values(3520,'Pharmaceuticals,Biotechnology and Life Sciences',35);
Insert into IndustryGroup values(4010,'Banks',40);
Insert into IndustryGroup values(4020,'Diversified Financials',40);
Insert into IndustryGroup values(4030,'Insurance',40);
Insert into IndustryGroup values(4510,'Software and Services',45);
Insert into IndustryGroup values(4520,'Technology Hardware and Equipment',45);
Insert into IndustryGroup values(4530,'Semiconductors and Semiconductor Equipment',45);
Insert into IndustryGroup values(5010,'Telecommunication Services',50);
Insert into IndustryGroup values(5020,'Media and Entertainment',50);
Insert into IndustryGroup values(5510,'Utilities',55);
Insert into IndustryGroup values(6010,'Real Estate',60);
Insert into Industry values(101010,'Energy Equipment and Services',1010);
Insert into Industry values(101020,'Oil, Gas and Consumable Fuels',1010);
Insert into Industry values(151010,'Chemicals',1510);
Insert into Industry values(151020,'Construction Materials',1510);
Insert into Industry values(151030,'Containers and Packaging',1510);
Insert into Industry values(151040,'Metals and Mining',1510);
Insert into Industry values(151050,'Paper and Forest Products',1510);
Insert into Industry values(201010,'Aerospace and Defense',2010);
Insert into Industry values(201020,'Building Products',2010);
Insert into Industry values(201030,'Construction and Engineering',2010);
Insert into Industry values(201040,'Electrical Equipment',2010);
Insert into Industry values(201050,'Industrial Conglomerates',2010);
Insert into Industry values(201060,'Machinery',2010);
Insert into Industry values(201070,'Trading Companies and Distributors',2010);
Insert into Industry values(202010,'Commercial Services and Supplies',2020);
Insert into Industry values(202020,'Professional Services',2020);
Insert into Industry values(203010,'Air Freight and Logistics',2030);
Insert into Industry values(203020,'Airlines',2030);
Insert into Industry values(203030,'Marine',2030);
Insert into Industry values(203040,'Road and Rail',2030);
Insert into Industry values(203050,'Transportation Infrastructure',2030);
Insert into Industry values(251010,'Auto Components',2510);
Insert into Industry values(251020,'Automobiles',2510);
Insert into Industry values(252010,'Household Durables',2520);
Insert into Industry values(252020,'Leisure Products',2520);
Insert into Industry values(252030,'Textiles, Apparel and Luxury',2520);
Insert into Industry values(253010,'Hotels, Restaurants and Leisure',2530);
Insert into Industry values(253020,'Diversified Consumer Services',2530);
Insert into Industry values(255010,'Distributors',2550);
Insert into Industry values(255020,'Internet and Direct Marketing Retail',2550);
Insert into Industry values(255030,'Multiline Retail',2550);
Insert into Industry values(255040,'Speciality Retail',2550);
Insert into Industry values(301010,'Food and Staples Retailing',3010);
Insert into Industry values(302010,'Beverages',3020);
Insert into Industry values(302020,'Food Products',3020);
Insert into Industry values(302030,'Tobacco',3020);
Insert into Industry values(303010,'Household Products',3030);
Insert into Industry values(303020,'Personal Products',3030);
Insert into Industry values(351010,'Health Care Equipment and Supplies',3510);
Insert into Industry values(351020,'Health Care Providers and Services',3510);
Insert into Industry values(351030,'Health Care Technology',3510);
Insert into Industry values(352010,'Biotechnology',3520);
Insert into Industry values(352020,'Pharmaceuticals',3520);
Insert into Industry values(352030,'Life Sciences Tools and Services',3520);
Insert into Industry values(401010,'Banks',4010);
Insert into Industry values(401020,'Thrifts and Mortgage Finance',4010);
Insert into Industry values(402010,'Diversified Financial Services',4020);
Insert into Industry values(402020,'Consumer Finance',4020);
Insert into Industry values(402030,'Capital Markets',4020);
Insert into Industry values(402040,'Mortgage Real Estate Investment Trusts(REITs)',4020);
Insert into Industry values(403010,'Insurance',4030);
Insert into Industry values(451020,'IT Services',4510);
Insert into Industry values(451030,'Software',4510);
Insert into Industry values(452010,'Communications Equipment',4520);
Insert into Industry values(452020,'Technology Hardware, Storage and Peripherals',4520);
Insert into Industry values(452030,'Electronic Equipment, Instruments and Components',4520);
Insert into Industry values(453010,'Semiconductors and Semiconductor Equipment',4530);
Insert into Industry values(501010,'Diversified Telecommunication Services',5010);
Insert into Industry values(501020,'Wireless Telecommunication Services',5010);
Insert into Industry values(502010,'Media',5020);
Insert into Industry values(502020,'Entertainment',5020);
Insert into Industry values(502030,'Interactive Media and Services',5020);
Insert into Industry values(551010,'Electric Utilities',5510);
Insert into Industry values(551020,'Gas Utilities',5510);
Insert into Industry values(551030,'Multi-Utilities',5510);
Insert into Industry values(551040,'Water Utilities',5510);
Insert into Industry values(551050,'Independent Power and Renewable Electricity Producers',5510);
Insert into Industry values(601010,'Equity Real Estate Investment Trusts(REITs)',6010);
Insert into Industry values(601020,'Real Estate Management and Development',6010);
Insert into subIndustry values(10101010,'Oil and Gas Drilling','Drilling contractors or ownser of drilling rigs that contract their services for drilling wells.',101010);
Insert into subIndustry values(10101020,'Oil and Gas Equipment and Services','Manufacturers of equipment, including drilling rigs and equipment, and providers of supplies and services to companies involved in the drilling, evaluation and completion of oil and gas wells.',101010);
Insert into subIndustry values(10102010,'Integrated Oil and Gas','Integrated oil companies engaged in the exploration and production of oil and gas, as well as at least one other significant activity in either refining, marketing and transportation, or chemicals.',101020);
Insert into subIndustry values(10102020,'Oil and Gas Exploration and Production','Companies engaged in the exploration and production of oil and gas not classified elsewhere.',101020);
Insert into subIndustry values(10102030,'Oil and Gas Refining and Marketing','Companies engaged in the refining and marketing of oil, gas and/or refined products not classified in the Integrated Oil and Gas or Independent Power Producers and Energy Traders Sub-Industries.',101020);
Insert into subIndustry values(10102040,'Oil and Gas Storage and Transportation','Companies engaged in the storage and/or transportation of oil, gas and/or refined products. Includes diversified midstream natural gas companies, oil and refined product pipelines, coal slurry pipelines and oil and gas shipping companies.',101020);
Insert into subIndustry values(10102050,'Coal and Consumable Fuels','Companies primarily involved in the production and mining of coal, related products and other consumable fuels related to the generation of energy.  Excludes companies primarily producing gases classified in the Industrial Gases sub-industry and companies primarily mining for metallurgical (coking) coal used for steel production.',101020);
Insert into subIndustry values(15101010,'Commodity Chemicals','Companies that primarily produce industrial chemicals and basic chemicals. Including but not limited to plastics, synthetic fibers, films, commodity-based paints and pigments, explosives and petrochemicals. Excludes chemical companies classified in the Diversified Chemicals, Fertilizers and Agricultural Chemicals, Industrial Gases, or Specialty Chemicals Sub-Industries.',151010);
Insert into subIndustry values(15101020,'Diversified Chemicals','Manufacturers of a diversified range of chemical products not classified in the Industrial Gases, Commodity Chemicals, Specialty Chemicals or Fertilizers and Agricultural Chemicals Sub-Industries.',151010);
Insert into subIndustry values(15101030,'Fertilizers and Agricultural Chemicals','Producers of fertilizers, pesticides, potash or other agriculture-related chemicals not classified elsewhere.',151010);
Insert into subIndustry values(15101040,'Industrial Gases','Manufacturers of industrial gases.',151010);
Insert into subIndustry values(15101050,'Speciality Chemicals','Companies that primarily produce high value-added chemicals used in the manufacture of a wide variety of products, including but not limited to fine chemicals, additives, advanced polymers, adhesives, sealants and specialty paints, pigments and coatings.',151010);
Insert into subIndustry values(15102010,'Construction Materials','Manufacturers of construction materials including sand, clay, gypsum, lime, aggregates, cement, concrete and bricks. Other finished or semi-finished building materials are classified  in the Building Products Sub-Industry.',151020);
Insert into subIndustry values(15103010,'Metal and Glass Containers','Manufacturers of metal, glass or plastic containers. Includes corks and caps.',151030);
Insert into subIndustry values(15103020,'Paper Packaging','Manufacturers of paper and cardboard containers and packaging.',151030);
Insert into subIndustry values(15104010,'Aluminum','Producers of aluminum and related products, including companies that mine or process bauxite and companies that recycle aluminum to produce finished or semi-finished products. Excludes companies that primarily produce aluminum building materials classified in the Building Products Sub-Industry.',151040);
Insert into subIndustry values(15104020,'Diversified Metals and Mining','Companies engaged in the diversified production or extraction of metals and minerals not classified elsewhere. Including, but not limited to, nonferrous metal mining (except bauxite), salt and borate mining, phosphate rock mining, and diversified mining operations. Excludes iron ore mining, classified in the Steel Sub-Industry, bauxite mining, classified in the Aluminum Sub-Industry, and coal mining, classified in either the Steel or Coal and Consumable Fuels Sub-Industries.',151040);
Insert into subIndustry values(15104025,'Copper','Companies involved primarily in copper ore mining.',151040);
Insert into subIndustry values(15104030,'Gold','Producers of gold and related products, including companies that mine or process gold and the South African finance houses which primarily invest in, but do not operate, gold mines.',151040);
Insert into subIndustry values(15104040,'Precious Metals and Minerals','Companies mining precious metals and minerals not classified in the Gold Sub-Industry. Includes companies primarily mining platinum.',151040);
Insert into subIndustry values(15104045,'Silver','Companies primarily mining silver. Excludes companies classified in the Gold or Precious Metals and Minerals Sub-Industries.',151040);
Insert into subIndustry values(15104050,'Steel','Producers of iron and steel and related products, including metallurgical (coking) coal mining used for steel production.',151040);
Insert into subIndustry values(15105010,'Forest Products','Manufacturers of timber and related wood products. Includes lumber for the building industry.',151050);
Insert into subIndustry values(15105020,'Paper Products','Manufacturers of all grades of paper. Excludes companies specializing in paper packaging classified in the Paper Packaging Sub-Industry.',151050);
Insert into subIndustry values(20101010,'Aerospace and Defense','Manufacturers of civil or military aerospace and defense equipment, parts or products. Includes defense electronics and space equipment.',201010);
Insert into subIndustry values(20102010,'Building Products','Manufacturers of building components and home improvement products and equipment. Excludes lumber and plywood classified under Forest Products and cement and other materials classified in the Construction Materials Sub-Industry.',201020);
Insert into subIndustry values(20103010,'Construction and Engineering','Companies engaged in primarily non-residential construction. Includes civil engineering companies and large-scale contractors. Excludes companies classified in the Homebuilding Sub-Industry.',201030);
Insert into subIndustry values(20104010,'Electrical Components and Equipment','Companies that produce electric cables and wires, electrical components or equipment not classified in the Heavy Electrical Equipment Sub-Industry.',201040);
Insert into subIndustry values(20104020,'Heavy Electrical Equipment','Manufacturers of power-generating equipment and other heavy electrical equipment, including power turbines, heavy electrical machinery intended for fixed-use and large electrical systems. Excludes cables and wires, classified in the Electrical Components and Equipment Sub-Industry.',201040);
Insert into subIndustry values(20105010,'Industrial Conglomerates','Diversified industrial companies with business activities in three or more sectors, none of which contributes a majority of revenues. Stakes held are predominantly of a controlling nature and stake holders maintain an operational interest in the running of the subsidiaries.',201050);
Insert into subIndustry values(20106010,'Construction Machinery and Heavy Trucks','Manufacturers of heavy duty trucks, rolling machinery, earth-moving and construction equipment, and manufacturers of related parts. Includes non-military shipbuilding.',201060);
Insert into subIndustry values(20106015,'Agricultural and Farm Machinery','Companies manufacturing agricultural machinery, farm machinery, and their related parts. Includes machinery used for the production of crops and agricultural livestock, agricultural tractors, planting and fertilizing machinery, fertilizer and chemical application equipment, and grain dryers and blowers.',201060);
Insert into subIndustry values(20106020,'Industrial Machinery','Manufacturers of industrial machinery and industrial components. Includes companies that manufacture presses, machine tools, compressors, pollution control equipment, elevators, escalators, insulators, pumps, roller bearings and other metal fabrications.',201060);
Insert into subIndustry values(20107010,'Trading Companies and Distributors','Trading companies and other distributors of industrial equipment and products.',201070);
Insert into subIndustry values(20201010,'Commercial Printing','Companies providing commercial printing services.Includes printers primarily serving the media industry.',202010);
Insert into subIndustry values(20201050,'Environmental and Facilities Services','Companies providing environmental and facilities maintenance services. Includes waste management, facilities management and pollution control services.  Excludes large-scale water treatment systems classified in the Water Utilities Sub-Industry.',202010);
Insert into subIndustry values(20201060,'Office Services and Supplies','Providers of office services and manufacturers of office supplies and equipment not classified elsewhere.',202010);
Insert into subIndustry values(20201070,'Diversified Support Services','Companies primarily providing labor oriented support services to businesses and governments.  Includes commercial cleaning services, dining and catering services, equipment repair services, industrial maintenance services, industrial auctioneers, storage and warehousing, transaction services, uniform rental services, and other business support services.',202010);
Insert into subIndustry values(20201080,'Security and Alarm Services','Companies providing security and protection services to business and governments. Includes companies providing services such as correctional facilities, security and alarm services, armored transportation and guarding.  Excludes companies providing security software classified under the Systems Software Sub-Industry and home security services classified under the Specialized Consumer Services Sub-Industry. Also excludes companies manufacturing security system equipment classified under the Electronic Equipment and Instruments Sub-Industry.',202010);
Insert into subIndustry values(20202010,'Human Resource and Employment Services','Companies providing business support services relating to human capital management. Includes employment agencies, employee training, payroll and benefit support services, retirement support services and temporary agencies.',202020);
Insert into subIndustry values(20202020,'Research and Consulting Services','Companies primarily providing research and consulting services to businesses and governments not classified elsewhere.  Includes companies involved in management consulting services, architectural design, business information or scientific research, marketing, and testing and certification services. Excludes companies providing information technology consulting services classified in the IT Consulting and Other Services Sub-Industry.',202020);
Insert into subIndustry values(20301010,'Air Freight and Logistics','Companies providing air freight transportation, courier and logistics services, including package and mail delivery and customs agents. Excludes those companies classified in the Airlines, Marine or Trucking Sub-Industries.',203010);
Insert into subIndustry values(20302010,'Airlines','Companies providing primarily passenger air transportation.',203020);
Insert into subIndustry values(20303010,'Marine','Companies providing goods or passenger maritime transportation. Excludes cruise-ships classified in the Hotels, Resorts and Cruise Lines Sub-Industry.',203030);
Insert into subIndustry values(20304010,'Railroads','Companies providing primarily goods and passenger rail  transportation.',203040);
Insert into subIndustry values(20304020,'Trucking','Companies providing primarily goods and passenger land transportation. Includes vehicle rental and taxi companies.',203040);
Insert into subIndustry values(20305010,'Airport Services','Operators of airports and companies providing related services.',203050);
Insert into subIndustry values(20305020,'Highways and Railtracks','Owners and operators of roads, tunnels and railtracks.',203050);
Insert into subIndustry values(20305030,'Marine Ports and Services','Owners and operators of marine ports and related services.',203050);
Insert into subIndustry values(25101010,'Auto Parts and Equipment','Manufacturers of parts and accessories for  automobiles and motorcycles. Excludes companies classified in the Tires and Rubber Sub-Industry.',251010);
Insert into subIndustry values(25101020,'Tires and Rubber','Manufacturers of tires and rubber.',251010);
Insert into subIndustry values(25102010,'Automobile Manufacturers','Companies that produce mainly passenger automobiles and light trucks. Excludes companies producing mainly motorcycles and three-wheelers classified in the Motorcycle Manufacturers Sub-Industry and heavy duty trucks classified in the Construction Machinery and Heavy Trucks Sub-Industry.',251020);
Insert into subIndustry values(25102020,'Motorcycle Manufacturers','Companies that produce motorcycles, scooters or three-wheelers. Excludes bicycles classified in the Leisure Products Sub-Industry.',251020);
Insert into subIndustry values(25201010,'Consumer Electronics','Manufacturers of consumer electronics products including TVs, home audio equipment, game consoles, digital cameras, and related products. Excludes personal home computer manufacturers classified in the Technology Hardware, Storage and Peripherals Sub-Industry, and electric household appliances classified in the Household Appliances Sub-Industry.',252010);
Insert into subIndustry values(25201020,'Home Furnishings','Manufacturers of soft home furnishings or furniture, including upholstery, carpets and wall-coverings.',252010);
Insert into subIndustry values(25201030,'Homebuilding','Residential construction companies. Includes manufacturers of prefabricated houses and semi-fixed manufactured homes.',252010);
Insert into subIndustry values(25201040,'Household Appliances','Manufacturers of electric household appliances and related products.  Includes manufacturers of power and hand tools, including garden improvement tools.  Excludes TVs and other audio and video products classified in the Consumer Electronics Sub-Industry and personal computers classified in the Technology Hardware, Storage and Peripherals Sub-Industry.',252010);
Insert into subIndustry values(25201050,'Housewares and Specialties','Manufacturers of durable household products, including cutlery, cookware, glassware, crystal, silverware, utensils, kitchenware and consumer specialties not classified elsewhere.',252010);
Insert into subIndustry values(25202010,'Leisure Products','Manufacturers of leisure products and equipment including sports equipment, bicycles and toys.',252020);
Insert into subIndustry values(25203010,'Apparel, Accessories and Luxury Goods','Manufacturers of apparel, accessories and luxury goods. Includes companies primarily producing designer handbags, wallets, luggage, jewelry and watches. Excludes shoes classified in the Footwear Sub-Industry.',252030);
Insert into subIndustry values(25203020,'Footwear','Manufacturers of footwear. Includes sport and leather shoes.',252030);
Insert into subIndustry values(25203030,'Textiles','Manufacturers of textile and related products not classified in the Apparel, Accessories and Luxury Goods, Footwear or Home Furnishings Sub-Industries.',252030);
Insert into subIndustry values(25301010,'Casinos and Gaming','Owners and operators of casinos and gaming facilities. Includes companies providing lottery and betting services.',253010);
Insert into subIndustry values(25301020,'Hotels, Resorts and Cruise Lines','Owners and operators of hotels, resorts and cruise-ships. Includes travel agencies, tour operators and related services not classified elsewhere . Excludes casino-hotels classified in the Casinos and Gaming Sub-Industry.',253010);
Insert into subIndustry values(25301030,'Leisure Facilities','Owners and operators of leisure facilities, including sport and fitness centers, stadiums, golf courses and amusement parks not classified in the Movies and Entertainment Sub-Industry.',253010);
Insert into subIndustry values(25301040,'Restaurants','Owners and operators of restaurants, bars, pubs, fast-food or take-out facilities. Includes companies that provide food catering services.',253010);
Insert into subIndustry values(25302010,'Education Services','Companies providing educational services, either on-line or through conventional teaching methods. Includes, private universities, correspondence teaching, providers of educational seminars, educational materials and technical education. Excludes companies providing employee education programs classified in the Human Resources and Employment Services Sub-Industry.',253020);
Insert into subIndustry values(25302020,'Specialized Consumer Services','Companies providing consumer services not classified elsewhere.  Includes residential services, home security, legal services, personal services, renovation and interior design services, consumer auctions and wedding and funeral services.',253020);
Insert into subIndustry values(25501010,'Distributors','Distributors and wholesalers of general merchandise not classified elsewhere. Includes vehicle distributors.',255010);
Insert into subIndustry values(25502020,'Internet and Direct Marketing Retail','Companies  providing  retail  services  primarily  on  the Internet, through mail order, and TV home shopping retailers. Also includes companies providing online marketplaces for consumer products and services.',255020);
Insert into subIndustry values(25503010,'Department Stores','Owners and operators of department stores.',255030);
Insert into subIndustry values(25503020,'General Merchandise Stores','Owners and operators of stores offering diversified general merchandise. Excludes hypermarkets and large-scale super centers classified in the Hypermarkets and Super Centers Sub-Industry.',255030);
Insert into subIndustry values(25504010,'Apparel Retail','Retailers specialized mainly in apparel and accessories.',255040);
Insert into subIndustry values(25504020,'Computer and Electronics Retail','Owners and operators of consumer electronics, computers, video and related products retail stores.',255040);
Insert into subIndustry values(25504030,'Home Improvement Retail','Owners and operators of home and garden improvement retail stores. Includes stores offering building materials and supplies.',255040);
Insert into subIndustry values(25504040,'Specialty Stores','Owners and operators of specialty retail stores not classified elsewhere. Includes jewelry stores, toy stores, office supply stores, health and vision care stores, and book and entertainment stores.',255040);
Insert into subIndustry values(25504050,'Automotive Retail','Owners and operators of stores specializing in automotive retail.  Includes auto dealers, gas stations, and retailers of auto accessories, motorcycles and parts, automotive glass, and automotive equipment and parts.',255040);
Insert into subIndustry values(25504060,'Homefurnishing Retail','Owners and operators of furniture and home furnishings retail stores.  Includes residential furniture, homefurnishings, housewares, and interior design.  Excludes home and garden improvement stores, classified in the Home Improvement Retail Sub-Industry.',255040);
Insert into subIndustry values(30101010,'Drug Retail','Owners and operators of primarily drug retail stores and pharmacies.',301010);
Insert into subIndustry values(30101020,'Food Distributors','Distributors of food products to other companies and not directly to the consumer.',301010);
Insert into subIndustry values(30101030,'Food Retail','Owners and operators of primarily food retail stores.',301010);
Insert into subIndustry values(30101040,'Hypermarkets and Super Centers','Owners and operators of hypermarkets and super centers selling food and a wide-range of consumer staple products.  Excludes Food and Drug Retailers classified in the Food Retail and Drug Retail Sub-Industries, respectively.',301010);
Insert into subIndustry values(30201010,'Brewers','Producers of beer and malt liquors. Includes breweries not classified in the Restaurants Sub-Industry.',302010);
Insert into subIndustry values(30201020,'Distillers and Vintners','Distillers, vintners and producers of alcoholic beverages not classified in the Brewers Sub-Industry.',302010);
Insert into subIndustry values(30201030,'Soft Drinks','Producers of non-alcoholic beverages including mineral waters. Excludes producers of milk classified in the Packaged Foods Sub-Industry.',302010);
Insert into subIndustry values(30202010,'Agricultural Products','Producers of agricultural products. Includes crop growers, owners of plantations and companies that produce and process foods but do not package and market them. Excludes companies classified in the Forest Products Sub-Industry and those that package and market the food products classified in the Packaged Foods Sub-Industry.',302020);
Insert into subIndustry values(30202030,'Packaged Foods and Meats','Producers of packaged foods including dairy products, fruit juices, meats, poultry, fish and pet foods.',302020);
Insert into subIndustry values(30203010,'Tobacco','Manufacturers of cigarettes and other tobacco products.',302030);
Insert into subIndustry values(30301010,'Household Products','Producers of non-durable household products, including detergents, soaps, diapers and other tissue and household paper products not classified in the Paper Products Sub-Industry.',303010);
Insert into subIndustry values(30302010,'Personal Products','Manufacturers of personal and beauty care products, including cosmetics and perfumes.',303020);
Insert into subIndustry values(35101010,'Health Care Equipment','Manufacturers of health care equipment and devices. Includes medical instruments, drug delivery systems, cardiovascular and orthopedic devices, and diagnostic equipment.',351010);
Insert into subIndustry values(35101020,'Health Care Supplies','Manufacturers of health care supplies and medical products not classified elsewhere. Includes eye care products, hospital supplies, and safety needle and syringe devices.',351010);
Insert into subIndustry values(35102010,'Health Care Distributors','Distributors and wholesalers of health care products not classified elsewhere.',351020);
Insert into subIndustry values(35102015,'Health Care  Services','Providers of patient health care services not classified elsewhere. Includes dialysis centers, lab testing services, and pharmacy management services. Also includes companies providing business support services to health care providers, such as clerical support services, collection agency services, staffing services and outsourced sales and marketing services.',351020);
Insert into subIndustry values(35102020,'Health Care Facilities','Owners and operators of health care facilities, including hospitals, nursing homes, rehabilitation centers and animal hospitals.',351020);
Insert into subIndustry values(35102030,'Managed Health Care','Owners and operators of Health Maintenance Organizations (HMOs) and other managed plans.',351020);
Insert into subIndustry values(35103010,'Health Care Technology','Companies providing information technology services primarily to health care providers.  Includes companies providing application, systems and/or data processing software, internet-based tools, and IT consulting services to doctors, hospitals or businesses operating primarily in the Health Care Sector.',351030);
Insert into subIndustry values(35201010,'Biotechnology','Companies primarily engaged in the research, development, manufacturing and/or marketing of products based on genetic analysis and genetic engineering.  Includes companies specializing in protein-based therapeutics to treat human diseases. Excludes companies manufacturing products using biotechnology but without a health care application.',352010);
Insert into subIndustry values(35202010,'Pharmaceuticals','Companies engaged in the research, development or production of pharmaceuticals. Includes veterinary drugs.',352020);
Insert into subIndustry values(35203010,'Life Sciences Tools and Services','Companies enabling the drug discovery, development and production continuum by providing analytical tools, instruments, consumables and supplies, clinical trial services and contract research services.  Includes firms primarily servicing the pharmaceutical and biotechnology industries.',352030);
Insert into subIndustry values(40101010,'Diversified Banks','Large, geographically diverse banks with a national footprint whose revenues are derived primarily from conventional banking operations, have significant business activity in retail banking and small and medium corporate lending, and provide a diverse range of financial services.  Excludes banks classified in the Regional Banks and Thrifts and Mortgage Finance Sub-Industries. Also excludes investment banks classified in the Investment Banking and Brokerage Sub-Industry.',401010);
Insert into subIndustry values(40101015,'Regional Banks','Commercial banks whose businesses are derived primarily from conventional banking operations and have significant business activity in retail banking and small and medium corporate lending. Regional banks tend to operate in limited geographic regions. Excludes companies classified in the Diversified Banks and Thrifts and Mortgage Banks sub-industries. Also excludes investment banks classified in the Investment Banking and Brokerage Sub-Industry.',401010);
Insert into subIndustry values(40102010,'Thrifts and Mortgage Finance','Financial institutions providing mortgage and mortgage related services.  These include financial institutions whose assets are primarily mortgage related, savings and loans, mortgage lending institutions, building societies and companies providing insurance to mortgage banks.',401020);
Insert into subIndustry values(40201020,'Other Diversified Financial Services','Providers of a diverse range of financial services and/or with some interest in a wide range of financial services including banking, insurance and capital markets, but with no dominant business line. Excludes companies classified in the Regional Banks and Diversified Banks Sub-Industries.',402010);
Insert into subIndustry values(40201030,'Multi-Sector Holdings','A company with significantly diversified holdings across three or more sectors, none of which contributes a majority of profit and/or sales. Stakes held are predominantly of a non-controlling nature.  Includes diversified financial companies where stakes held are of a controlling nature. Excludes other diversified companies classified in the Industrials Conglomerates Sub-Industry.',402010);
Insert into subIndustry values(40201040,'Specialized Finance','"Providers  of  specialized  financial  services  not  classified  elsewhere. Companies  in  this  sub-industry  derive  a  majority  of  revenue  from  one  specialized  line  of  business. Includes,  but not limited to,  commercial  financing  companies,  central  banks,  leasing  institutions, factoring services, and specialty boutiques. Excludes companies classified in the Financial Exchanges and Data sub-industry.',402010);
Insert into subIndustry values(40202010,'Consumer Finance','Providers of consumer finance services, including personal credit, credit cards, lease financing, travel-related money services and pawn shops.  Excludes mortgage lenders classified in the Thrifts and Mortgage Finance Sub-Industry.',402020);
Insert into subIndustry values(40203010,'Asset Management and Custody Banks','Financial institutions primarily engaged in investment management and/or related custody and securities fee-based services. Includes companies operating mutual funds, closed-end funds and unit investment trusts.  Excludes banks and other financial institutions primarily involved in commercial lending, investment banking, brokerage and other specialized financial activities.',402030);
Insert into subIndustry values(40203020,'Investment Banking and Brokerage','Financial institutions primarily engaged in investment banking and brokerage services, including equity and debt underwriting, mergers and acquisitions, securities lending and advisory services. Excludes banks and other financial institutions primarily involved in commercial lending, asset management and specialized financial activities.',402030);
Insert into subIndustry values(40203030,'Diversified Capital Markets','Financial institutions primarily engaged in diversified capital markets activities, including a significant presence in at least two of the following area: large/major corporate lending, investment banking, brokerage and asset management. Excludes less diversified companies classified in the Asset Management and Custody Banks or Investment Banking and Brokerage sub-industries.  Also excludes companies classified in the Banks or Insurance industry groups or the Consumer Finance Sub-Industry.',402030);
Insert into subIndustry values(40203040,'Financial Exchanges and Data','Financial  exchanges  for  securities,  commodities,  derivatives and other financial instruments, and providers of financial decision support tools and products  including ratings agencies',402030);
Insert into subIndustry values(40204010,'Mortgage REITs','Companies or Trusts that service, originate, purchase and/or securitize residential and/or commercial mortgage loans.  Includes trusts that invest in mortgage-backed securities and other mortgage related assets.',402040);
Insert into subIndustry values(40301010,'Insurance Brokers','Insurance and reinsurance brokerage firms.',403010);
Insert into subIndustry values(40301020,'Life and Health Insurance','Companies providing primarily life, disability, indemnity or supplemental health insurance. Excludes managed care companies classified in the Managed Health Care Sub-Industry.',403010);
Insert into subIndustry values(40301030,'Multi-line Insurance','Insurance companies with diversified interests in life, health and property and casualty insurance.',403010);
Insert into subIndustry values(40301040,'Property and Casualty Insurance','Companies providing primarily property and casualty insurance.',403010);
Insert into subIndustry values(40301050,'Reinsurance','Companies providing primarily reinsurance.',403010);
Insert into subIndustry values(45102010,'IT Consulting and Other Services','Providers of information technology and systems integration services not classified in the Data Processing and Outsourced Services Sub-Industry.  Includes information technology consulting and information management services.',451020);
Insert into subIndustry values(45102020,'Data Processing and Outsourced Services','Providers of commercial electronic data processing and/or business process outsourcing services.  Includes companies that provide services for back-office automation.',451020);
Insert into subIndustry values(45102030,'Internet Services and Infrastructure','Companies providing services and infrastructure for the internet industry including data centers and cloud networking and storage infrastructure. Also includes companies providing web hosting services. Excludes companies classified in the Software Industry.',451020);
Insert into subIndustry values(45103010,'Application Software','Companies engaged in developing and producing software designed for specialized applications for the business or consumer market. Includes enterprise and technical software, as well as cloud-based software. Excludes companies classified in the Interactive Home Entertainment Sub-Industry. Also excludes companies producing systems or database management software classified in the Systems Software Sub-Industry.',451030);
Insert into subIndustry values(45103020,'Systems Software','Companies engaged in developing and producing systems and database management software.',451030);
Insert into subIndustry values(45201020,'Communications Equipment','Manufacturers of communication equipment and products, including LANs, WANs, routers, telephones, switchboards and exchanges. Excludes cellular phone manufacturers classified in the Technology Hardware, Storage and Peripherals Sub-Industry.',452010);
Insert into subIndustry values(45202030,'Technology Hardware, Storage and Peripherals','Manufacturers of cellular phones, personal computers, servers, electronic computer components and peripherals. Includes data storage components, motherboards, audio and video cards, monitors, keyboards, printers, and other peripherals. Excludes semiconductors classified in the Semiconductors Sub-Industry.',452020);
Insert into subIndustry values(45203010,'Electronic Equipment and Instruments','Manufacturers of electronic equipment and instruments including analytical, electronic test and measurement instruments, scanner/barcode products, lasers, display screens, point-of-sales machines, and security system equipment.',452030);
Insert into subIndustry values(45203015,'Electronic Components','Manufacturers of electronic components. Includes electronic components, connection devices, electron tubes, electronic capacitors and resistors, electronic coil, printed circuit board, transformer and other inductors, signal processing technology/components.',452030);
Insert into subIndustry values(45203020,'Electronic Manufacturing Services','Producers of electronic equipment mainly for the OEM (Original Equipment Manufacturers) markets.',452030);
Insert into subIndustry values(45203030,'Technology Distributors','Distributors of technology hardware and equipment. Includes distributors of communications equipment, computers and peripherals, semiconductors, and electronic equipment and components.',452030);
Insert into subIndustry values(45301010,'Semiconductor Equipment','Manufacturers of semiconductor equipment, including manufacturers of the raw material and equipment used in the solar power industry.',453010);
Insert into subIndustry values(45301020,'Semiconductors','Manufacturers of semiconductors and related products, including manufacturers of solar modules and cells.',453010);
Insert into subIndustry values(50101010,'Alternative Carriers','Providers of communications and high-density data transmission services primarily through a high bandwidth/fiber-optic cable network.',501010);
Insert into subIndustry values(50101020,'Integrated Telecommunication Services','Operators of primarily fixed-line telecommunications networks and companies providing both wireless and fixed-line telecommunications services not classified elsewhere. Also includes internet service providers offering internet access to end users.',501010);
Insert into subIndustry values(50102010,'Wireless Telecommunication Services','Providers of primarily cellular or wireless telecommunication services.',501020);
Insert into subIndustry values(50201010,'Advertising','Companies providing advertising, marketing or public relations services.',502010);
Insert into subIndustry values(50201020,'Broadcasting','Owners and operators of television or radio broadcasting systems, including programming. Includes radio and television broadcasting, radio networks, and radio stations.',502010);
Insert into subIndustry values(50201030,'Cable and Satellite','Providers of cable or satellite television services. Includes cable networks and program distribution.',502010);
Insert into subIndustry values(50201040,'Publishing','Publishers of newspapers, magazines and books in print or electronic formats.',502010);
Insert into subIndustry values(50202010,'Movies and Entertainment','Companies that engage in producing and selling entertainment products and services, including companies engaged in the production, distribution and screening of movies and television shows, producers and distributors of music, entertainment theaters and sports teams. Also includes companies offering and/or producing entertainment content streamed online.',502020);
Insert into subIndustry values(50202020,'Interactive Home Entertainment','Producers of interactive gaming products, including mobile gaming applications. Also includes educational software used primarily in the home. Excludes online gambling companies classified in the Casinos and Gaming Sub-Industry.',502020);
Insert into subIndustry values(50203010,'Interactive Media and Services','Companies engaging in content and information creation or distribution through proprietary platforms, where revenues are derived primarily through pay-per-click advertisements. Includes search engines, social media and networking platforms, online classifieds, and online review companies. Excludes companies operating online marketplaces classified in Internet and Direct Marketing Retail.',502030);
Insert into subIndustry values(55101010,'Electric Utilities','Companies that produce or distribute electricity. Includes both nuclear and non-nuclear facilities.',551010);
Insert into subIndustry values(55102010,'Gas Utilities','Companies whose main charter is to distribute and transmit natural and manufactured gas. Excludes companies primarily involved in gas exploration or production classified in the Oil and Gas Exploration and Production Sub-Industry. Also excludes companies engaged in the storage and/or transportation of oil, gas, and/or refined products classified in the Oil and Gas Storage and Transportation Sub-Industry.',551020);
Insert into subIndustry values(55103010,'Multi-Utilities','Utility companies with significantly diversified activities in addition to core Electric Utility, Gas Utility and/or Water Utility operations.',551030);
Insert into subIndustry values(55104010,'Water Utilities','Companies that purchase and redistribute water to the end-consumer. Includes large-scale water treatment systems.',551040);
Insert into subIndustry values(55105010,'Independent Power Producers and Energy Traders','Companies that operate as Independent Power Producers (IPPs), Gas and Power Marketing and Trading Specialists and/or Integrated Energy Merchants. Excludes producers of electricity using renewable sources, such as solar power, hydropower, and wind power. Also excludes electric transmission companies and utility distribution companies classified in the Electric Utilities Sub-Industry.',551050);
Insert into subIndustry values(55105020,'Renewable Electricity ','Companies that engage in the generation and distribution of electricity using renewable sources, including, but not limited to, companies that produce electricity using biomass, geothermal energy, solar energy, hydropower, and wind power. Excludes companies manufacturing capital equipment used to generate electricity using renewable sources, such as manufacturers of solar power systems, installers of photovoltaic cells,  and companies involved in the provision of technology, components, and services mainly to this market.',551050);
Insert into subIndustry values(60101010,'Diversified REITs','A company or Trust with significantly diversified operations across two or more property types.',601010);
Insert into subIndustry values(60101020,'Industrial REITs','Companies or Trusts engaged in the acquisition, development, ownership, leasing, management and operation of industrial properties. Includes companies operating industrial warehouses and distribution properties.',601010);
Insert into subIndustry values(60101030,'Hotel and Resort REITs','Companies or Trusts engaged in the acquisition, development, ownership, leasing, management and operation of hotel and resort properties.',601010);
Insert into subIndustry values(60101040,'Office REITs','Companies or Trusts engaged in the acquisition, development, ownership, leasing, management and operation of office properties.',601010);
Insert into subIndustry values(60101050,'Health Care REITs','Companies or Trusts engaged in the acquisition, development, ownership, leasing, management and operation of properties serving the health care industry, including hospitals, nursing homes, and assisted living properties.',601010);
Insert into subIndustry values(60101060,'Residential REITs','Companies or Trusts engaged in the acquisition, development, ownership, leasing, management and operation of residential properties including multifamily homes, apartments, manufactured homes and student housing properties.',601010);
Insert into subIndustry values(60101070,'Retail REITs','Companies or Trusts engaged in the acquisition, development, ownership, leasing, management and operation of shopping malls, outlet malls, neighborhood and community shopping centers.',601010);
Insert into subIndustry values(60101080,'Specialized REITs','Companies or Trusts engaged in the acquisition, development, ownership, leasing, management and operation of properties not classified elsewhere. Includes trusts that operate and invest in storage properties. It also includes REITs that do not generate a majority of their revenues and income from real estate rental and leasing operations.',601010);
Insert into subIndustry values(60102010,'Diversified Real Estate Activities','Companies engaged in a diverse spectrum of real estate activities including real estate development and sales, real estate management, or real estate services, but with no dominant business line.',601020);
Insert into subIndustry values(60102020,'Real Estate Operating Companies','Companies engaged in operating real estate properties for the purpose of leasing and management.',601020);
Insert into subIndustry values(60102030,'Real Estate Development','Companies that develop real estate and sell the properties after development. Excludes companies classified in the Homebuilding Sub-Industry.',601020);
Insert into subIndustry values(60102040,'Real Estate Services','Real estate service providers such as real estate agents, brokers and real estate appraisers.',601020);
Insert into company values(6,'1881','Campus Commons','300','Reston','VA',20191,4510,45103020,'www.quadrantinc.com','Quadrant');
Insert into company values(1,'301','Howard Street',NULL,'San Francisco','CA',94105,4510,45102010,'triplebyte.com','Triplebyte');
Insert into company values(5,'103','North Cooper Drive',NULL,'Henderson','NC',27536,2530,25301040,'goldencorral.com/careers/','Golden Corral Corporation');
Insert into company values(7,'1315','Jefferson Highway',NULL,'New Orleans','LA',70121,3010,30101010,'careers@ochsner.org','Ochsner Health System');
Insert into company values(15,'409','NJ-70',NULL,'Cherry Hill','NJ',08034,6010,60102040,'kwcherryhill.yourkwoffice.com','Keller Williams Realty');
Insert into position values('JAV','Java Developer',' Works on development team supporting DoD client. Works with teams to help develop database tools which will help to examine table structures, indexes and other database objects',120000,50000);
Insert into position values('ML','Machine Learning Engineering','As a Machine Learning Engineer, you will be responsible for the end to end process of designing and running experiments to serving production models at scale.',135000,70000);
Insert into position values('RM','Restaurant Manager','Responsible for creating a spirit of hospitality in the Front of the House through creating a warm and positive environment, selecting friendly and talented Co-workers,leading the human and financial resources in the Front of the House to achieve a profitable operation and environment that makes pleasurable dining affordable, while providing a dining experience that ensures our guests become long-term, loyal customers.',50000,30000);
Insert into position values('PH','Pharmacist','This job maintains and ensures complete and appropriate drug therapy in a multidisciplinary pharmaceutical care environment.',100000,50000);
Insert into position values('REA','Real Estate Agent','Helps his or her clients purchase, rent,or sell properties. They advise clients about market conditions, conduct walkthroughs, and provide guidance and assistance through the process of buying, selling, or leasing properties.',100000,35000);
Insert into position values('FAA','Flight attendant','Responsible for attending to the safety and comfort needs of passengers aboard a flight.',60000,50000);
Insert into position values('FI','Gym trainer','Carry out workout routines specific to the needs of their clients.',40000,20000);
Insert into position values('ARC','Architect','They  work in the construction industry designing new buildings and the spaces in and around them. They also help restore and conserve old buildings, and develop new ways of using existing buildings',80000,45000);
Insert into position values('POFF','Police Officer','Patrol the areas they are assigned, which sometimes include entire jurisdictions, respond to calls, enforce laws, make arrests, issue citations, and occasionally testify in court cases.',70000,35000);
Insert into position values('CRD','Card dealer','Exchange paper currency for playing chips or coin money.Pay winnings or collect losing bets as established by the rules and procedures of a specific game. Deal cards to house hands, and compare these with players hands to determine winners, as in black jack',30000,25000);
Insert into job values(30,'JAV','Full-time','Core Java Knowledge,Unit testing,APIs and Libraries','Annual Pay','Salary',6,'3532');
Insert into job values(2,'ML','Full-time','Programming experience,Well versed with Machine Learning Algorithms, Research experience','Annual Pay','Salary',1,'5813');
Insert into job values(4,'RM','Full-time','Responsible, Stable Work History,and able to lead','Annual-pay','Salary',5,'2314');
Insert into job values(11,'PH','Part-time','Reviewing prescriptions for accuracy,Checking for drug interactions,Compounding medications and preparing special solutions,Counseling patients regarding appropriate use of medications,Overseeing daily ordering, as well as automatic refills.','Annual-pay','Salary',7,'7179');
Insert into job values(20,'REA','Part-time','Have a desire to work independently,have a strong work ethic and desire to be successful and have excellent communication skills and the ability to network to build your business','Hourly-rate','Commission-based',6,'3532');
Insert into job values(31,'FAA','Part-time','Attentiveness,ability to communicate, great customer service, and physical stamina.','Hourly-rate','Wage',6,'1115');
Insert into job values(44,'FI','Part-time','Ability to lead, instruct, and motivate individuals or groups in exercise activities, including cardiovascular exercise (exercises for the heart and blood system), strength training, and stretching.','Hourly-rate','Wage',1,'8112');
Insert into job values(58,'ARC','Full-time','Ability to hand draw, be creative, have legal knowledge, and work with a team','Annual-pay','Salary',5,'5519');
Insert into job values(61,'POFF','Full-time','Open-mindedness,resilience,assertiveness,and maturity.','Annual-pay','Salary',7,'4456');
Insert into job values(55,'CRD','Part-time','Attentive,Excellent customer service,honest,and responsible,','Hourly-rate','Wage',15,'4188');
Insert into skill values('Ja','Java','Object Oriented Programming,Concurrency,Dabatabases,Strong problem solver','Medium');
Insert into skill values('MLE','Machine Learning','Robust exploratory/experimental capability, ability to implement models from research, and engineering skills.','Medium');
Insert into skill values('GCRM','Management','Analyze business problems,Problem Solving,Strategic Planning,Project Management','Beginner');
Insert into skill values('PHARM','Pharmacy','Prepares, dispenses and verifies medications ordered for an assigned group of patients, using safe, rational, and cost-effective therapeutic decision making. Assesses,evaluates and monitors patient drug therapy; provides drug information, patient education,and other clinical pharmacy services.','Advanced');
Insert into skill values('RE','Real Estate','Honesty and integrity,Knowledge of purchase process,Responsiveness,Knowledge of real estate market,Communication skills,Negotiation skills.','Medium');
Insert into skill values('PI','Piano','Ability to perform as a solo act, with singers and musicians, or as part of a band or orchestra.','Advanced');
Insert into skill values('SC','Soccer coaching','Ability to plan and supervise training sessions to develop general','Medium');
Insert into skill values('CA','Retail Cashier','Ability to work the cash register and track inventory.','Beginner');
Insert into skill values('ACC','Accounting','Ability to prepare asset, liability, and capital account entries by compiling and analyzing account information','Advanced');
Insert into skill values('GS','General Surgery','Specializes in treating internal injuries and diseases of areas like the head, endocrine system, abdomen, neck and other soft tissues by means of surgery or treatment.','Advanced');
Insert into skill values('AC','Acting','Ability to rehearse and memorize lines.','Beginner');
Insert into skill values('WWE','Wrestling','Ability to  combine acrobatic maneuvers, physical feats, character development, acting skills, athleticism, and showmanship to create a scripted performance.','Advanced');
Insert into skill values('FA','Flight attendant','Ability to speak clearly, listen attentively, and interact comfortably with passengers and other crew members','Medium');
Insert into skill values('PIL','Pilot','Detail-oriented professionals with outstanding communication skills and strong knowledge of how to safely operate aircraft.','Advanced');
Insert into skill values('CARP','Carpenter','Ability to construct, erect, install and renovate structures made of wood and other materials, ranging from kitchen cabinets to building frameworks.','Beginner');
Insert into skill values('CEO','Chief Executive Ofiicer','Ability to learn from the past,strong communication skills,building relationships,realistic optimism, and listening skills.','Advanced');
Insert into skill values('SING','Opera singer',' A strong musical sense and a talented voice.','Medium');
Insert into skill values('DANC','Ballet','Attention detail, stress tolerance,initiative,and self control.','Advanced');
Insert into skill values('NURS','Nursing','Patient, empathetic, culture oriented, and attentive.','Beginner');
Insert into skill values('CAS','Card dealer','Excellent customer service and ability to interact with patrons and work with diverse people.','Medium');
Insert into skill values('ELE','Electrical Engineering','Problem solver critical thinking and advanced circuit knowledge.','Advanced');
Insert into skill values('GYM','Fitness Instructor','A good understanding of lifestyle, diet and the human body.','Beginner');
Insert into skill values('POF','Police Officer','Ability to use good judgment and the capacity for empathy and compassion.','Medium');
Insert into skill values('BG','Body Guard','Skilled in assessing threats and implementing strategies to prevent threats from occurring.','Advanced');
Insert into skill values('PAINT','Painter','Actively listening to customer preferences, adhering wallpaper,aesthetic sensibility,and aligning wallpaper patterns.','Beginner');
Insert into skill values('ARCH','Architect','Ability to create designs for new construction projects, alterations and redevelopments.','Adanced');
Insert into skill values('ATC','Air traffic controllers','Ability to control air traffic on and within vicinity of airport and movement of air traffic between altitude sectors.','Medium');
Insert into person values('BL', 'Bianca Lopez',2006,'Headlands Cir', NULL,'Reston','VA',20191,'blopez53@gmail.com','Female','555-4379');
Insert into person values('TS','Tati Cruz',3129,'Justice Road','20','San Francisco','CA',94105,'tc12@ygmail.com','Female','555-2105');
Insert into person values('JS','Joe Crest',23,'Clover road',NULL,'Henderson','NC',27536,'joecrest43@yahoo.com','Male','555-2054');
Insert into person values('CF','Coleen Ford',412,'Labarre road',NULL,'New Orleans','LA',70001,'coleenfk@gmail.com','Female','555-2304');
Insert into person values('JT','Justice Tran',981,'Antigua Drive','10','Cherry Hill','NJ',08034,'jtranlm@aol.com','Female','555-2698');
Insert into person values('JP', 'John Perez',1234,'Main Cir', NULL,'Reston','VA',20191,'jperez3@gmail.com','Male','555-4559');
Insert into person values('HS','Helen Cruz',4325,'Justice Road',NULL,'San Francisco','CA',94105,'hcruz@ymail.com','Female','555-2795');
Insert into person values('FS','Fox Crest',777,'Clover road',NULL,'Henderson','NC',27536,'foxcrest@yahoo.com','Male','555-2504');
Insert into person values('AF','Alexandra Ford',4123,'Labarre road',NULL,'New Orleans','LA',70001,'aford@gmail.com','Female','555-2034');
Insert into person values('PT','Park Tran',9661,'Antigua Drive','5','Cherry Hill','NJ',08034,'ptran@aol.com','Female','555-2868');
Insert into course values('1145','Introduction to Java','Beginner','An introduction to software design and development using an object-oriented approach.','Active',100); 
Insert into course values('3120','Machine Learning','Beginner','This course provides a broad introduction to machine learning and statistical pattern recognition.','Active',300);
Insert into course values('0159','Foundations of Business','Beginner','This course explores business management fundamentals, including topics such as coaching for the competitive advantage and creating your own management style.','Active',200);
Insert into course values('2120','Drug Information and Literature Evaluation II','Advanced','Designed to introduce the professional pharmacy student to the use of medical literature in pharmacy practice.','Expired',500);
Insert into course values('8119','National PSI Real Estate Drill and Practice QBANK','Medium','This QBank gives you the power to simulate nearly every test environment imaginable. From licensing exams as outlined in the PSI to custom quizzes according to topics and subtopics, you can create exactly the test you need to improve your score.','Active',79);
Insert into course values('4426','Deep Multi-Task and Meta Learning','Advanced','This course covers meta-learning methods that aim to learn efficient learning algorithms that can learn new tasks quickly','Active',400);
Insert into course values('3997','Introduction to Computers','Beginner','This course is an introduction to what computers are and how they can be used','Active',250);
Insert into course values('1784','Software Design and Development II','Medium','This course puts an emphasis on algorithmic techniques and the structuring of larger systems.','Active',250);
Insert into course values('0687','Concepts in Drug Discovery and Development','Medium','An introduction to the multi-parameter optimization process of drug discovery and development','Expired',400);
Insert into course values('5651','Human Relations in Business','Beginner','This course covers the application of behavioral science concepts to human problems in organizations','Active',300);
Insert into course values('8811','Drug Information and Literature Evaluation I','Beginner','This course is designed to introduce the professional pharmacy student to the use of medical literature in pharmacy practice.','Active',500);
Insert into course values('4390','Probability Theory','Beginner','The class starts by providing a fundamental grounding in combinatorics, and then quickly moves into the basics of probability theory','Active',200);
Insert into course values('4567','Basic Fitness','Beginner','The class starts by providing a fundamental grounding in anatomy and follows up with biology','Active',200);
Insert into course values('5678','Nursing 101','Beginner','A Basic overview of the profession of nursing','Active',200);
Insert into section values('001','1145',TO_DATE('08-09-2017', 'DD-MM-YYYY'),2017,'University of New Orleans','Classroom',100);
Insert into section values('001','3120',TO_DATE('13-01-2020', 'DD-MM-YYYY'),2020,'Stanford University','Classroom',300);
Insert into section values('111','0159',TO_DATE('10-12-2016', 'DD-MM-YYYY'),2016,'Drexel University','Online',200);
Insert into section values('4610','2120',TO_DATE('15-01-2017', 'DD-MM-YYYY'),2017,'Xavier University of Louisiana','Classroom',500);
Insert into section values('134','8119',TO_DATE('05-07-2019', 'DD-MM-YYYY'),2019,'Kaplan Real Estate Education','Online',79);
Insert into hiring values('JAV',6);
Insert into hiring values('ML',1);
Insert into hiring values('RM',5);
Insert into hiring values('PH',7);
Insert into hiring values('REA',15);
Insert into hiring values('FI',15);
Insert into hiring values('FI',5);
Insert into hiring values('FI',1);
Insert into hiring values('FAA',15);
Insert into hiring values('FAA',5);
Insert into hiring values('FAA',1);
Insert into requires_by_job values(30,'Ja');
Insert into requires_by_job values(2,'MLE');
Insert into requires_by_job values(4,'GCRM');
Insert into requires_by_job values(11,'PHARM');
Insert into requires_by_job values(20,'RE');
Insert into requires_by_job values(20,'ACC');
Insert into requires_by_job values(55,'CAS');
Insert into requires_by_job values(55,'ACC');
Insert into requires_by_job values(55,'CA');
Insert into requires_by_job values(44,'GYM');
Insert into requires_by_job values(44,'NURS');
Insert into requires_by_job values(31,'CA');
Insert into teaches values('1145','Ja');
Insert into teaches values('3120','MLE');
Insert into teaches values('0159','GCRM');
Insert into teaches values('2120','PHARM');
Insert into teaches values('8119','RE');
Insert into teaches values('4390','ACC');
Insert into teaches values('5678','NURS');
Insert into teaches values('4567','GYM');
Insert into has_skill values('BL','Ja');
Insert into has_skill values('BL','CA');
Insert into has_skill values('TS','MLE');
Insert into has_skill values('TS','CAS');
Insert into has_skill values('JS','GCRM');
Insert into has_skill values('CF','PHARM');
Insert into has_skill values('JT','RE');
Insert into has_skill values('JT','ACC');
Insert into has_skill values('JP','Ja');
Insert into has_skill values('HS','MLE');
Insert into has_skill values('FS','GCRM');
Insert into has_skill values('AF','PHARM');
Insert into has_skill values('AF','ACC');
Insert into has_skill values('PT','RE');
Insert into works values('BL',30,TO_DATE('08-04-2015', 'DD-MM-YYYY'),TO_DATE('10-12-2018', 'DD-MM-YYYY'));
Insert into works values('TS',2,TO_DATE('12-03-2015', 'DD-MM-YYYY'),TO_DATE('16-02-2020', 'DD-MM-YYYY'));
Insert into works values('JS',4,TO_DATE('01-10-2012', 'DD-MM-YYYY'),TO_DATE('13-05-2017', 'DD-MM-YYYY'));
Insert into works values('CF',11,TO_DATE('12-08-2017', 'DD-MM-YYYY'),TO_DATE('04-04-2020', 'DD-MM-YYYY'));
Insert into works values('JT',20,TO_DATE('03-11-2018', 'DD-MM-YYYY'),TO_DATE('11-07-2019', 'DD-MM-YYYY'));
Insert into works values('BL',2,TO_DATE('11-12-2018', 'DD-MM-YYYY'),TO_DATE('01-01-2019', 'DD-MM-YYYY'));
Insert into works values('TS',20,TO_DATE('16-02-2020', 'DD-MM-YYYY'),TO_DATE('01-01-9999', 'DD-MM-YYYY'));
Insert into works values('JS',11,TO_DATE('03-05-2017', 'DD-MM-YYYY'),TO_DATE('01-01-9999', 'DD-MM-YYYY'));
Insert into works values('CF',4,TO_DATE('04-04-2020', 'DD-MM-YYYY'),TO_DATE('01-01-9999', 'DD-MM-YYYY'));
Insert into works values('JT',2,TO_DATE('11-07-2019', 'DD-MM-YYYY'),TO_DATE('03-07-2020', 'DD-MM-YYYY'));
Insert into works values('JT',30,TO_DATE('03-08-2020', 'DD-MM-YYYY'),TO_DATE('01-01-9999', 'DD-MM-YYYY'));
Insert into takes values('BL','1145','001',TO_DATE('08-09-2017', 'DD-MM-YYYY'));
Insert into takes values('TS','3120','001',TO_DATE('13-01-2020', 'DD-MM-YYYY'));
Insert into takes values('JS','0159','111',TO_DATE('10-12-2016', 'DD-MM-YYYY'));
Insert into takes values('CF','2120','4610',TO_DATE('15-01-2017', 'DD-MM-YYYY'));
Insert into takes values('JT','8119','134',TO_DATE('05-07-2019', 'DD-MM-YYYY'));
Insert into prerequisite values('1145','3997');
Insert into prerequisite values('3120','4390');
Insert into prerequisite values('2120','8811');
